x1,x2,x3,x4,x5,x6,x7,x8,x9,x10,x11,x12,x13,x14,x15
1.097064,-2.073335,1.269934,0.984375,1.568466,3.283515,2.652874,2.532475,2.217515,2.255747,2.489734,-0.565265,2.833031,2.487578,-0.214002
1.829821,-0.353632,1.685955,1.908708,-0.826962,-0.487072,-0.023846,0.548144,0.001392,-0.868652,0.499255,-0.876244,0.263327,0.742402,-0.605351
1.579888,0.456187,1.566503,1.558884,0.94221,1.052926,1.363478,2.037231,0.939685,-0.398008,1.228676,-0.780083,0.850928,1.181336,-0.297005
-0.768909,0.253732,-0.592687,-0.764464,3.283553,3.402909,1.915897,1.451707,2.867383,4.910919,0.326373,-0.110409,0.286593,-0.288378,0.689702
1.750297,-1.151816,1.776573,1.826229,0.280372,0.53934,1.371011,1.428493,-0.00956,-0.56245,1.270543,-0.790244,1.273189,1.190357,1.483067
-0.476375,-0.835335,-0.387148,-0.50565,2.237421,1.244335,0.866302,0.824656,1.005402,1.890005,-0.25507,-0.592662,-0.321304,-0.289258,0.156347
1.170908,0.160649,1.138125,1.095295,-0.123136,0.088295,0.300072,0.646935,-0.064325,-0.762332,0.149883,-0.80494,0.15541,0.298627,-0.90903
-0.118517,0.35845,-0.072867,-0.218965,1.604049,1.140102,0.061026,0.28195,1.403355,1.660353,0.643623,0.290561,0.490051,0.233722,0.588031
-0.320167,0.58883,-0.18408,-0.384207,2.201839,1.68401,1.219096,1.150692,1.9656,1.572462,-0.35685,-0.389818,-0.227743,-0.352403,-0.436677
-0.473535,1.105439,-0.329482,-0.509063,1.582699,2.563358,1.738872,0.94176,0.797298,2.783096,-0.38825,0.693345,-0.40942,-0.360764,0.036008
0.537556,0.919273,0.442011,0.406453,-1.017686,-0.713542,-0.700684,-0.404686,-1.035476,-0.826124,-0.092656,-0.054164,-0.198042,0.003805,-1.004034
0.469393,-0.325708,0.479082,0.358672,0.052642,0.471115,0.134849,0.442131,0.110921,-0.280347,0.363187,-0.420843,0.345502,0.304128,-0.423343
1.432201,1.282296,1.66536,1.331355,0.073992,2.680858,1.477729,1.621948,2.137194,2.155097,1.986249,4.265788,4.061202,1.669114,-1.300712
0.489274,1.084495,0.483201,0.363507,-0.878913,-0.078478,0.13284,0.12177,0.129175,-1.335044,-0.006757,-0.251928,0.018287,-0.082662,0.909377
-0.112836,0.772668,0.06718,-0.217827,1.191289,2.368158,1.556825,0.808147,0.939685,1.98782,-0.696838,-0.086823,-0.398529,-0.464832,-0.204001
0.117215,1.919912,0.196105,0.011123,1.248222,1.045345,0.942887,0.637649,1.794006,1.130169,-0.126943,-0.333573,0.006406,-0.171329,-0.478012
0.156977,0.195555,0.114137,0.084216,0.164372,-0.612909,-0.186433,0.094686,-0.823721,-0.507163,0.243723,0.041996,0.162836,0.111393,-0.441011
0.568798,0.323544,0.664438,0.409297,1.468835,1.854573,1.047093,1.389802,1.286524,1.525681,0.592011,-0.261,0.489061,0.304568,-0.004993
1.61397,0.665623,1.566503,1.720997,0.138753,-0.031099,0.742007,1.188093,-0.838325,-1.254241,1.274152,-0.362603,1.484567,1.585507,-0.182334
-0.166799,-1.147162,-0.185728,-0.251957,0.101747,-0.43685,-0.27821,-0.028609,0.267911,-0.72831,-0.488225,-0.776999,-0.400014,-0.369124,0.473693
-0.297446,-0.833008,-0.261106,-0.383638,0.792763,0.429422,-0.541362,-0.459627,0.567289,0.753087,-0.793925,-0.851206,-0.73416,-0.56472,-0.981366
-1.31308,-1.593959,-1.302806,-1.083572,0.429819,-0.747086,-0.743748,-0.726337,0.012345,0.886341,-0.461517,-0.435539,-0.473774,-0.542058,0.855042
0.344426,-1.170433,0.433773,0.140814,0.77853,2.068725,1.492795,1.254641,2.589911,1.066377,0.12137,-0.920332,0.256397,0.100612,-0.083996
1.997389,0.872732,1.863073,2.130548,-0.148044,-0.040575,0.262407,0.964717,-0.155598,-1.4201,1.03414,-0.163025,0.71133,1.180456,-0.771024
0.716485,0.486439,0.742699,0.710203,1.120124,0.783815,0.79976,1.103489,0.669515,0.071219,1.44956,-0.571797,1.281605,1.369891,-0.331006
0.855652,-0.672441,0.98984,0.733241,1.582699,2.335941,1.68363,2.351917,4.484751,1.606484,2.312883,-0.436991,2.183056,1.563506,0.329354
0.128576,0.521345,0.224115,-0.028694,0.643316,1.56272,0.674211,1.003666,1.607807,0.913276,-0.543807,-0.423928,-0.374272,-0.424349,-0.863028
1.273153,0.22348,1.241101,1.248876,-0.139504,0.042812,0.755818,0.732313,-0.418466,-0.823289,1.615944,1.146931,1.369225,1.170555,1.23639
0.333066,1.391668,0.429654,0.220449,0.842579,1.23865,0.998129,0.995412,0.4176,0.368916,0.122092,-0.371675,0.31283,0.06959,-0.602684
0.977778,-0.986595,0.94865,0.853831,0.150139,0.21527,0.124931,0.789576,-0.265127,-0.185367,0.704258,-0.715493,0.88558,0.45682,-0.471345
1.278833,1.354435,1.352314,1.231812,0.714481,1.598728,1.796625,1.946952,1.355892,-0.117322,1.53582,0.452038,1.340514,1.422695,-0.264337
-0.649623,-0.137215,-0.578271,-0.60946,1.034726,0.895628,0.414323,0.074825,1.786704,2.153679,0.279093,-0.339016,0.301444,0.014585,-0.49668
0.82157,1.091476,0.858032,0.69513,1.660981,0.857725,1.919664,1.841196,1.593204,0.144934,0.706423,0.328662,0.56084,0.603791,0.409024
1.460602,1.670916,1.480004,1.442275,-0.167259,1.280343,0.965486,0.696717,0.151081,-0.026596,0.543648,-1.107935,0.327681,0.612372,-0.675354
0.568798,-0.328035,0.619129,0.433188,0.543684,0.97712,0.58507,0.73773,0.680468,0.333476,-0.256875,-0.963695,-0.338135,-0.116765,-0.952032
0.742046,0.535307,0.746818,0.610375,-0.018523,0.554502,0.577537,0.290462,0.308072,-0.884246,0.203299,-0.539139,0.070265,0.106773,-0.421677
0.034851,0.565559,0.068416,-0.062255,0.133059,0.103456,0.541128,0.182128,0.267911,-0.21939,-0.430117,-0.358974,-0.103491,-0.339422,-0.387675
-0.311646,-0.202373,-0.3855,-0.372831,-0.46473,-1.263703,-0.793214,-0.507861,-1.258183,-0.590802,-0.798617,2.041403,-0.839601,-0.57594,-0.896363
0.245021,1.375378,0.147089,0.124887,-0.177222,-1.005016,-0.813805,-0.514052,-0.900391,-1.099722,2.91923,1.761994,2.579575,1.444697,-0.052662
-0.18384,0.356123,-0.147009,-0.27215,0.372887,0.400995,0.219721,0.141115,-0.334494,0.197386,-0.693589,-1.134788,-0.653965,-0.480013,-0.558016
-0.195201,0.53298,-0.238451,-0.261342,-1.048999,-0.834452,-0.724413,-0.737944,-0.100834,-0.982061,-0.601554,-0.708235,-0.640599,-0.43579,-1.25371
-0.902396,0.479458,-0.826648,-0.807125,1.874478,0.330874,0.195866,0.200441,0.304421,0.836725,-0.608412,0.383092,-0.516841,-0.514116,0.341021
1.403799,1.284623,1.49648,1.277317,-0.394988,2.172958,1.53046,1.307519,1.819562,0.089648,2.078645,0.814906,2.952333,1.420495,-0.164333
-0.240643,0.230461,-0.191495,-0.311967,0.550801,0.744016,0.121415,0.326574,0.592845,0.711976,-0.1255,-0.711138,-0.217348,-0.198171,-0.656353
-0.271884,0.586503,-0.269756,-0.350931,0.055489,0.006804,-0.077958,0.09288,-0.23957,-0.145674,-0.762886,-1.096868,-0.758416,-0.56868,-1.230376
1.284513,-0.393193,1.307005,1.197683,0.96356,1.217803,1.363478,1.340793,0.348232,-0.327128,0.807481,-1.004336,0.706379,0.686958,-0.249003
-1.684571,-0.57005,-1.658278,-1.288347,-0.737294,-0.85113,-0.9155,-1.109197,-0.155598,0.316465,-0.898232,-0.472008,-0.877224,-0.706961,0.642366
-0.271884,-0.146523,-0.246689,-0.342115,1.383436,0.355511,0.424367,0.631459,1.15509,0.704888,-0.426147,-0.586311,-0.479714,-0.353943,-0.169667
-0.58998,-1.084331,-0.57374,-0.584717,0.479635,-0.254348,-0.287249,-0.552743,-0.498787,-0.335633,-0.510963,-0.884408,-0.50397,-0.450311,-0.517681
-0.181,0.700529,-0.208383,-0.26703,-0.629123,-0.518531,-0.518386,-0.388951,-0.00956,-0.796355,-0.618518,0.247017,-0.559909,-0.44305,-0.862028
-0.672344,0.537634,-0.710491,-0.64558,-0.710963,-1.036286,-0.906837,-0.974217,-1.155957,-0.555362,0.00371,-0.012434,-0.114381,-0.261096,-0.394676
-0.138398,-0.686403,-0.196026,-0.236314,-1.388458,-0.829146,-0.881727,-0.817389,-1.674391,-0.463218,-0.786707,-0.532425,-0.701488,-0.56736,-0.854694
-0.621222,-0.24426,-0.669713,-0.617993,-0.978545,-1.077031,-0.867289,-0.913859,0.205845,-0.240654,-0.641978,-1.059492,-0.666341,-0.503115,0.056343
1.162387,-0.137215,1.166958,1.075386,1.312271,0.836879,1.109868,1.472343,1.023657,0.042867,1.546647,0.682459,0.995477,1.286504,-1.047369
0.276263,0.635371,0.217936,0.164705,-0.41278,-0.635462,-0.45536,-0.401848,-0.714193,-0.844553,-0.341691,-0.694809,-0.380708,-0.229414,-0.788692
-0.740508,-0.12558,-0.767334,-0.699334,-0.079725,-0.940202,-0.733704,-0.674233,0.395694,-0.528427,-0.289719,-0.467653,-0.338135,-0.371105,0.429024
1.443561,-0.167467,1.381147,1.413834,0.636199,0.423736,0.54615,1.058091,0.384741,-0.451877,1.163349,-0.043278,0.975676,1.367691,-0.194334
0.165497,0.535307,0.147501,0.005719,1.233989,0.609461,0.508485,0.833426,0.786345,0.677954,0.062901,-0.121295,-0.064878,-0.005436,-1.127372
-0.305966,0.004736,-0.3855,-0.363161,-1.121587,-1.259344,-1.106185,-1.154336,0.026949,-1.103975,-0.00423,-0.005177,-0.134183,-0.162308,0.150013
-1.564717,-1.745219,-1.549947,-1.224071,0.082532,-0.978294,-0.856115,-1.060652,-0.469579,1.286106,-0.899675,-1.156197,-0.900985,-0.704386,1.023049
-1.123927,-1.026155,-1.129395,-0.975496,1.212639,-0.449737,-0.978777,-0.929077,3.400421,0.96431,0.399279,0.406679,0.220754,-0.125786,0.15768
-1.570397,0.393356,-1.536767,-1.23175,1.988342,-0.278795,-0.738224,-1.022993,0.059807,0.676536,-0.169532,1.542458,-0.184676,-0.482873,1.62974
0.034851,0.665623,0.183336,-0.026135,0.607733,1.828041,1.565613,0.970134,0.501572,1.434954,1.077089,0.092797,1.241012,0.449779,0.788706
-1.407089,-1.263516,-1.349763,-1.120545,-1.362838,-0.318972,-0.363081,-0.699511,1.932741,0.968562,0.016703,1.901698,-0.127747,-0.370004,0.565697
-0.411051,1.058897,-0.382205,-0.443365,1.127241,0.414261,0.301328,0.511001,0.34093,0.439796,0.073368,-0.070493,0.030168,-0.085302,0.246684
0.185378,1.082168,0.223703,0.038142,1.483068,0.825508,0.475842,1.067119,0.516175,0.530523,-0.171337,0.116384,-0.205962,-0.112144,-0.112664
-1.324157,0.400337,-1.31228,-1.096371,0.57215,-0.504318,-0.842179,-0.873878,-0.345447,0.877836,-0.613826,1.440855,-0.597036,-0.57506,1.159721
-0.800151,-0.058095,-0.830767,-0.741711,-1.065367,-1.086507,-0.649209,-0.686614,-1.079287,-0.868652,-0.478119,-0.497046,-0.512386,-0.488154,0.747037
-1.447987,-0.456023,-1.366651,-1.150124,0.728714,0.700428,2.814833,-0.133333,1.093024,2.503828,-0.280696,-0.041464,-0.485654,-0.498714,0.836041
-0.38265,-0.651497,-0.436576,-0.43341,0.138753,-0.985496,-0.65624,-0.52308,-0.809117,-0.888499,-0.60769,-0.623505,-0.690597,-0.484193,0.307019
1.366877,0.470149,1.302886,1.351264,-0.446227,-0.027309,0.241064,0.78906,-0.838325,-1.160679,1.384594,-0.760851,1.296951,1.22578,-0.865695
-1.488033,-1.082004,-1.366651,-1.168611,0.104593,0.924055,-0.034392,-0.521016,0.329977,3.82787,0.436815,-0.661607,0.14947,-0.327761,3.389811
0.872693,1.217138,0.915698,0.780737,0.764297,1.490705,1.009428,0.787254,0.421251,0.293783,0.669609,-0.319059,0.415301,0.640974,-0.407009
-0.092956,-0.814392,-0.063393,-0.201331,0.308838,0.448373,-0.136966,0.045677,-0.546249,0.405774,-0.456464,-1.08199,-0.450012,-0.373745,-0.774691
-0.516137,-0.644516,-0.526371,-0.523284,-0.330228,-0.683219,-0.691519,-0.67578,-0.334494,-0.518504,-0.558244,-0.348088,-0.557434,-0.454491,-0.729023
0.551757,0.083856,0.499677,0.463051,-0.333074,-0.380943,0.111622,0.450385,-0.049721,-1.259911,1.235173,-0.364417,1.070722,0.856151,1.259725
-0.169639,-1.943019,-0.167192,-0.27215,2.329937,0.006804,-0.251467,0.429234,2.1591,0.512094,0.017786,-0.368046,-0.105966,-0.169129,2.11976
1.114105,-0.730617,1.162839,0.998595,0.721598,2.089571,0.999384,1.523931,1.242713,0.557457,2.07684,-1.208994,1.705351,2.078346,0.299686
1.719055,1.089149,2.130809,1.678336,2.294354,4.568425,3.598263,2.875535,3.995524,2.639918,1.90035,1.212248,2.862733,1.673514,1.113052
-0.359929,-0.30011,-0.36161,-0.422603,0.212053,-0.168308,-0.62661,-0.664689,-0.341796,-0.400843,-0.504106,-0.221084,-0.538623,-0.43975,-0.582683
-0.760389,0.391029,-0.747974,-0.720665,0.98491,-0.203179,-0.538474,-0.68584,0.110921,1.028102,-0.288997,1.736593,-0.390608,-0.345803,1.109719
-0.223602,-0.798102,-0.225682,-0.383638,0.814113,0.931636,0.352803,0.540406,0.476015,0.882089,-0.430117,-0.364417,-0.658915,-0.602343,-0.08233
3.150487,1.307894,3.275896,3.478653,0.707364,3.073153,3.077232,3.49717,0.063458,0.711976,1.776193,0.466552,2.235529,1.75272,0.375022
1.41232,1.629029,1.529432,1.356952,1.789079,1.416794,1.317025,2.527316,-0.648476,1.338557,0.410829,3.07195,1.452886,0.58883,0.168014
-0.604181,-0.846971,-0.618637,-0.601781,0.061894,-0.619543,-0.593716,-0.781278,0.976194,-0.441954,-0.642699,0.069211,-0.705448,-0.531937,-0.357341
1.230551,-0.179102,1.19991,1.194838,0.169354,0.018175,0.561216,1.006761,1.169694,-0.365403,1.063013,0.468367,0.948449,0.885853,-0.190001
0.100174,0.505055,0.093953,-0.019024,-0.136658,-0.092312,0.396746,0.011887,0.96159,-0.912598,0.054961,1.820053,0.215309,-0.032278,0.776038
1.389599,1.233427,1.236982,1.197683,-0.431994,0.308132,0.728197,0.871601,0.516175,-0.922521,0.52091,-1.003792,0.093531,0.380914,-1.056369
-0.501936,0.584176,-0.502069,-0.536936,-0.614889,-0.187449,-0.359691,-0.295835,0.432204,0.176122,-0.387528,0.517354,-0.328235,-0.426549,0.023675
0.145616,-0.94238,0.156563,-0.008501,1.198406,0.560187,0.136356,0.560267,1.111279,0.093901,0.38376,-0.870256,0.46926,0.053308,-0.511014
0.139936,1.100785,0.107134,0.022215,-0.471135,-0.346452,-0.725418,-0.499092,-0.462277,-0.586549,-0.119364,-0.192055,-0.290612,-0.144707,-0.724356
0.352947,0.807574,0.339035,0.208504,-0.310301,-0.014043,0.293795,0.668344,-0.345447,-0.259083,-0.333029,-0.681383,-0.391599,-0.239754,0.947045
-0.243483,-1.05408,-0.297765,-0.29348,-1.623304,-1.019419,-0.705455,-0.578795,-1.55391,-1.363396,0.001905,-0.115852,-0.081709,-0.087723,-0.853361
-0.19236,-0.230298,-0.221152,-0.28381,0.415586,-0.430028,-0.615938,-0.544747,-0.633872,-0.807695,-0.397634,0.283304,-0.379718,-0.332602,-0.385675
0.264902,0.125743,0.343154,0.144227,0.536567,0.965749,1.019472,1.01192,0.158383,0.006009,0.25852,-0.458037,0.415796,0.149676,0.73637
1.741776,0.870405,1.66536,1.732374,-0.397123,0.510913,0.72443,0.977872,1.034609,-0.894169,1.271986,0.530054,0.835582,1.045806,-0.341673
-0.553058,-0.337343,-0.584037,-0.579597,0.579267,-0.64001,-0.802254,-0.503219,0.322675,0.503588,-0.141019,0.533683,-0.225763,-0.349763,-0.536015
-1.232704,0.151341,-1.2299,-1.024984,0.429819,-0.972798,-1.029135,-1.057093,-1.685343,0.865077,-0.253266,1.498914,-0.363382,-0.44635,1.363062
-0.717787,-1.500877,-0.726143,-0.689095,-0.46473,-0.551317,-0.588066,-0.397721,-0.699589,0.428455,-0.626819,-1.229678,-0.688617,-0.540958,-0.296005
0.083133,0.111781,0.103427,-0.035236,0.082532,0.184948,0.063788,0.244291,0.246006,0.156275,-0.417485,1.15056,-0.242594,-0.296739,0.321353
-0.146918,1.324183,-0.161426,-0.205313,-0.105345,-0.364456,-0.032007,-0.103928,-0.739749,-0.579461,0.185253,0.132713,-0.002504,0.061669,-0.389675
-2.029648,-1.36358,-1.984504,-1.454443,1.468835,-0.543168,-1.114873,-1.26182,0.432204,2.180614,-0.653527,0.52824,-0.650005,-0.671142,1.049716
-0.553058,0.286311,-0.607516,-0.557982,-1.155035,-1.212155,-0.815688,-0.805266,-0.265127,-0.854476,-0.767939,0.642544,-0.833166,-0.5645,-0.653686
-1.207427,0.02568,-1.15411,-1.014176,0.294605,-0.139691,-0.34224,-0.48052,0.486968,0.059878,-0.81161,0.009338,-0.66238,-0.628525,0.672368
-1.033042,0.000082,-1.011592,-0.906669,0.251194,-0.351758,-0.738851,-0.952034,1.480024,0.285277,-0.181081,0.575413,-0.279227,-0.378585,0.184681
-0.288925,-0.867914,-0.196026,-0.354629,3.091407,1.36752,1.485262,1.214661,0.413949,2.001996,-0.051872,-0.5317,-0.225763,-0.124905,0.040342
-0.706426,-0.223317,-0.691956,-0.689379,1.269571,-0.050051,-0.227236,-0.362899,-0.038768,0.340564,-0.357933,0.798577,-0.351996,-0.433809,0.499694
-0.501936,-0.174448,-0.533785,-0.535229,-0.824827,-0.685873,-0.783045,-0.766317,-0.765306,-0.303028,-1.029607,-0.585041,-0.998803,-0.684475,-1.194708
2.312645,0.08851,2.50564,2.429179,2.579016,3.268353,4.238567,3.440423,2.717694,1.0763,2.922839,0.595371,3.556271,2.852806,-0.175333
-0.79163,0.458514,-0.802757,-0.734885,-0.624141,-0.731356,-0.470426,-0.771992,-1.185164,0.353322,-0.616352,-0.418666,-0.628223,-0.526437,0.690702
-1.235545,-0.535144,-1.213835,-1.037213,0.522334,-0.384734,-0.57074,-0.803203,-0.831023,1.113158,-0.007839,0.375835,-0.058938,-0.384306,2.269766
-0.425252,0.342161,-0.404448,-0.496265,0.211341,0.313818,0.222232,0.291236,-0.27973,1.120246,-0.226558,1.063471,-0.076759,-0.43689,1.95642
0.037691,0.083856,0.241414,-0.071072,-1.280286,2.254449,2.655385,0.749595,-0.39291,2.111151,-0.15293,0.495582,0.263822,-0.243935,-0.581017
-1.027362,0.209518,-0.960928,-0.912073,1.127241,0.491962,-0.301813,-0.47046,0.402996,2.12958,-0.258319,1.166889,-0.40843,-0.449431,1.613072
-1.534044,-0.805083,-1.488162,-1.205869,1.326504,-0.423205,-0.596101,-0.765543,-0.593711,1.918357,-0.861418,-1.143859,-0.748516,-0.690217,0.40669
-0.624062,0.521345,-0.635937,-0.615148,0.093918,-0.489914,-0.697043,-0.743876,-0.451325,-0.121575,-0.336999,-0.533695,-0.428726,-0.342062,0.254017
-1.470424,-0.821373,-1.368711,-1.165198,-0.123848,0.378253,0.048094,-0.666494,-1.849636,1.252083,-0.331946,-0.431729,0.204913,-0.514776,3.769827
0.21094,-0.60961,0.274778,0.078528,1.411902,1.147683,1.006917,1.039777,1.260968,0.69213,0.077338,-0.48616,0.060859,0.018546,-0.01866
0.469393,0.84248,0.565581,0.363223,1.362087,1.342883,1.563102,1.183192,1.03826,1.490241,0.529933,-0.262814,0.362333,0.402476,0.552696
1.085703,0.167631,0.915698,0.930337,-0.878202,-0.703498,-0.199239,0.181612,1.158741,-1.778754,0.52488,-0.005177,0.243031,0.301488,-1.0057
-0.771749,-1.970944,-0.767334,-0.715545,-0.187185,-0.71051,-0.673942,-0.585243,-0.527994,-0.236401,-0.954174,-1.371922,-0.872768,-0.656467,-0.333673
1.287353,-0.504892,1.212267,1.200527,0.643316,0.107247,0.714386,0.973229,0.563638,-0.094641,1.110294,0.660687,1.004388,1.10301,0.353688
2.874993,0.211845,3.057588,3.145893,3.440117,3.455973,4.243589,3.92793,3.079138,0.846648,3.983947,3.452962,3.435978,4.238914,5.429894
0.105854,-1.954655,0.095189,-0.040355,0.977793,0.105352,-0.004762,0.228557,0.162034,0.173287,-0.405213,-0.652898,-0.464368,-0.355263,-1.07437
-0.215082,-0.674768,-0.241747,-0.288361,-1.794101,-0.58922,-0.098925,-0.539588,-1.422476,-0.647506,-0.870802,-0.139439,-0.813365,-0.56494,-0.374008
-0.078755,-0.483948,-0.145362,-0.188249,-0.605638,-0.814553,-0.936592,-0.96751,-0.721494,-0.552527,-0.673739,-0.654531,-0.678716,-0.493434,-0.814026
-0.146918,1.256698,-0.173371,-0.234039,-0.269025,-0.487451,-0.451343,-0.466075,-0.184806,-0.212302,-0.628624,-0.384375,-0.551493,-0.451191,-0.984366
1.383918,-0.088347,1.294648,1.374017,-1.009858,-0.455991,0.049099,0.189608,0.490619,-1.75182,1.02656,0.227059,1.163293,0.899714,-0.871028
0.276263,-0.674768,0.313497,0.055775,1.326504,1.447116,0.313883,0.939439,0.691421,0.265431,0.092858,-0.270071,-0.034681,-0.010937,0.655034
1.60829,1.356762,1.582979,1.527599,0.36577,1.033974,2.080367,1.701909,1.42526,-0.236401,0.325291,-0.032392,-0.050027,0.505884,-0.669353
-0.550218,-1.396158,-0.530902,-0.56623,0.728714,-0.17532,-0.756428,-0.518437,0.249657,0.271101,-0.738704,-0.726742,-0.442092,-0.552179,-0.08933
0.378508,0.044296,0.40082,0.267377,0.913744,0.34035,0.725686,0.82414,0.435855,-0.685782,0.249497,-0.781898,0.112838,0.175418,-0.267004
0.577318,0.523672,0.586176,0.440582,0.315955,0.455954,0.194611,0.185997,1.271921,-0.551109,0.101159,0.087354,-0.01092,0.07355,-0.721356
0.449512,-1.247226,0.413178,0.303781,-0.123848,-0.184227,-0.219076,0.268537,0.015996,-0.789267,-0.33736,-0.728193,-0.442587,-0.272757,-0.608018
1.227711,0.609773,1.162839,1.194838,-0.146621,-0.137417,0.332715,0.504294,-0.436721,-0.783596,0.688377,-0.026949,0.445498,0.616332,-0.346674
-0.38549,0.740089,-0.42216,-0.422603,-0.413491,-0.885621,-0.523408,-0.56435,-0.827372,-0.304446,-0.608051,0.296004,-0.697527,-0.450311,0.15268
-0.686545,-0.60961,-0.710491,-0.65781,0.621966,-0.822323,-0.663898,-0.591176,-1.725504,-0.474559,0.157823,2.342584,0.194023,-0.131286,-0.154333
-0.766069,-0.907474,-0.778867,-0.7255,0.002115,-0.671849,-0.675072,-0.520243,-0.283381,-0.587967,-0.827491,-0.404696,-0.852967,-0.608723,-0.636019
0.233661,-0.400174,0.201048,0.066014,1.447485,0.495752,0.817337,0.962653,0.530779,-0.090388,3.215185,0.426637,2.748876,1.35449,0.98638
-0.808671,-1.372888,-0.781338,-0.768161,1.426135,0.175472,-0.53295,-0.02474,-0.148296,-0.294523,-0.240994,0.228873,-0.502485,-0.30818,1.409731
-1.246621,-1.703331,-1.265735,-1.042048,-0.274719,-1.200026,-1.114873,-1.26182,0.333628,0.201639,-0.74484,-1.307876,-0.81584,-0.617744,-0.333673
0.563117,-0.288475,0.540867,0.449684,0.060471,0.177367,0.071195,0.271117,0.180289,-0.045025,1.081781,0.208915,0.825187,0.742402,-0.09033
-0.766069,-0.460677,-0.754153,-0.730619,0.913744,-0.179679,-0.859881,-0.781794,-0.608315,0.400103,-0.436253,1.253978,-0.459913,-0.417088,-0.125665
-0.348568,-0.78414,-0.338956,-0.405822,-0.682497,-0.17532,-0.500433,-0.465301,-0.12274,-0.063453,-0.688897,-0.808569,-0.58268,-0.521376,-0.57235
-0.959199,-1.005211,-0.97658,-0.852062,-1.311599,-1.003499,-0.83226,-1.058692,-1.506447,-0.838883,-0.551026,0.040181,-0.524762,-0.497174,-0.164666
-0.632582,-1.079677,-0.570856,-0.631644,1.340737,0.478696,-0.649083,-0.487226,0.669515,2.210384,-0.032382,-1.021573,0.0767,-0.336782,1.043049
-0.660984,-0.630553,-0.534609,-0.633919,0.906628,1.244335,0.967997,0.650804,3.163109,1.546945,-0.308487,0.379464,-0.289622,-0.343602,-0.538015
0.233661,-0.120926,0.241826,0.098437,-1.066078,0.234222,0.021352,-0.343038,-0.246872,0.302288,0.060736,1.255792,0.200458,-0.019957,-0.41701
0.088814,-0.956343,0.08242,-0.042062,0.237673,-0.04247,-0.049332,0.165104,-0.319891,-0.281764,-0.593975,-0.866265,-0.369322,-0.421048,-0.445011
-0.109996,-0.321053,-0.158542,-0.198772,-1.204139,-0.76907,-0.753164,-0.919018,-1.236277,-0.991984,-0.560049,-0.833607,-0.640104,-0.415108,-1.40105
-0.320167,0.346815,-0.348429,-0.385345,1.219756,-0.539188,-0.721149,-0.579569,2.659279,-0.273259,0.054239,0.190772,0.003436,-0.122265,-0.007993
-1.678039,0.328198,-1.594021,-1.282659,-0.164412,0.495752,0.543639,-0.702606,1.498279,2.808612,-0.763969,1.351952,-0.803464,-0.662847,1.796413
-1.248609,-0.91911,-1.161112,-1.008772,0.771413,1.052926,4.042709,0.764814,2.688487,4.275833,1.513443,2.625622,0.597473,0.209301,1.309727
-0.845593,-1.445027,-0.869073,-0.776409,0.083955,-1.008427,-0.866033,-0.801139,0.067109,-0.247742,-0.649918,-0.789881,-0.711388,-0.546898,0.659367
-0.277565,-0.91911,-0.274287,-0.329885,-0.179357,-0.366919,0.051861,-0.363415,0.037902,-0.103146,-0.484255,-0.76956,-0.518326,-0.386066,0.514361
-0.533178,-0.314072,-0.564266,-0.553431,-0.698865,-0.711647,-0.627112,-0.660562,0.578241,-0.073377,-0.668325,-0.425561,-0.684162,-0.524236,-0.50768
1.00902,0.337507,1.047507,0.87829,1.077425,1.178005,1.214074,1.456866,0.581892,-0.161268,1.465801,0.332291,1.323683,1.178696,0.665367
0.770448,0.039642,0.676795,0.640807,-1.559255,-0.608551,-0.468292,-0.547068,0.118223,-1.434276,0.2661,1.529758,0.303424,0.138015,-1.199375
-0.58714,-1.524147,-0.623168,-0.586707,-0.231308,-0.984169,-0.867289,-0.755484,-0.809117,-0.528427,-0.804753,-0.886041,-0.839106,-0.595962,-0.504347
-0.916597,-1.472952,-0.958868,-0.819355,-1.509439,-1.2728,-1.076078,-1.091889,-1.349457,-0.760915,-0.445276,-0.826349,-0.523772,-0.479573,-0.299672
-0.675185,0.207191,-0.653649,-0.668618,0.892395,0.184948,-0.255736,-0.297641,0.662213,0.245584,0.348751,0.863894,0.524703,-0.043939,0.797373
1.437881,-0.779486,1.414099,1.428055,-0.670398,0.268334,0.382935,1.231685,-0.257825,-1.564696,2.146859,-1.058222,2.032071,1.737319,0.788372
1.551487,-0.265204,1.595336,1.590169,1.113008,1.1799,2.033914,2.055287,0.786345,-0.280347,1.195471,-0.306358,0.9534,1.248221,-0.9947
-0.507616,0.681912,-0.499185,-0.541486,0.344421,-0.053841,-0.440671,-0.533913,-0.951504,0.682206,-0.397995,0.796763,-0.451002,-0.413348,1.433065
2.596659,0.640025,2.476807,2.932585,-0.85187,0.192528,0.547405,1.240713,-0.038768,-1.030259,0.934886,-0.654531,0.859839,1.265383,-0.710355
0.239341,0.109454,0.145441,0.100428,-0.86468,-0.963133,-0.870428,-0.761674,-1.082938,-1.437112,-0.798256,-0.275514,-0.782178,-0.521376,-1.135706
-0.944998,-2.229249,-0.955573,-0.845521,-0.029909,-0.890359,-0.797107,-0.823838,-1.572164,0.170451,-0.83868,-1.470441,-0.861383,-0.634905,0.256017
0.753407,-0.113944,0.713866,0.658156,-0.548706,-0.237291,-0.057493,0.434393,0.297119,-1.057194,0.699566,0.315962,0.625194,0.59411,-0.306005
0.949377,1.254371,0.993959,0.937732,0.607733,1.060506,1.595745,1.428493,-0.998966,0.120835,2.464469,0.350434,2.213253,1.803324,-0.289005
0.239341,-0.544452,0.175098,0.088198,0.155832,-0.483092,-0.788192,-0.286549,-0.115438,-0.892752,-0.483172,0.000266,-0.481694,-0.353283,-0.653686
-0.513297,-1.605595,-0.540376,-0.542624,0.458285,-0.654413,-0.614306,-0.307442,0.538081,-0.460382,-0.610577,-1.000163,-0.592086,-0.503995,0.334687
-0.198041,0.079202,-0.252456,-0.254516,-0.418473,-0.785747,-0.379403,-0.375022,-0.77991,-0.862982,0.232895,-0.126738,0.136599,0.067389,-0.346007
0.378508,-1.721948,0.433773,0.233247,2.087974,0.969539,1.436297,1.56778,0.563638,1.118828,0.056765,-1.013408,-0.030226,0.094672,-0.549349
-0.865474,-1.065715,-0.896259,-0.802575,0.301721,-0.889033,-0.818199,-0.595561,-0.89674,0.551787,-0.714162,1.0671,-0.73713,-0.467692,2.639781
-0.98476,-0.963324,-1.008296,-0.868274,-0.600656,-1.162123,-1.114873,-1.26182,0.424902,-0.43203,-0.268063,1.284821,-0.351996,-0.403887,0.557363
-1.549664,-1.126219,-1.546652,-1.216392,-0.354424,-1.167051,-1.114873,-1.26182,-0.327193,0.629755,-0.666881,-0.779358,-0.708418,-0.637545,0.710369
-1.199475,-0.286147,-1.127336,-1.002515,0.044814,0.474905,0.526062,-0.303315,-0.520693,2.60306,0.093579,1.894441,0.131649,-0.282878,1.939752
0.662522,0.190901,0.713866,0.506281,0.138753,0.971434,1.136233,1.025075,-0.064325,0.061296,-0.366234,0.121827,-0.190121,-0.192451,-0.137999
-0.317327,0.681912,-0.410215,-0.365436,-2.40897,-1.610136,-1.094848,-1.214049,-1.521051,-1.482475,-0.837597,-0.13581,-0.873758,-0.57198,-1.207709
-0.37413,-1.449681,-0.439872,-0.415492,-0.638374,-1.262187,-0.999455,-0.91876,-1.261834,-0.208049,-0.41965,-0.411772,-0.538623,-0.408067,0.497694
3.718515,0.600465,3.712513,4.536659,0.927977,1.649897,2.489659,3.58229,-0.042419,-0.722639,1.555309,0.479253,1.462291,1.944135,-0.803359
1.977508,1.694187,2.089619,1.866047,1.262455,3.389643,2.007548,2.59696,2.129892,1.58522,0.810729,-0.823628,0.766278,0.904775,-0.929364
0.446671,0.237443,0.380225,0.317717,-0.027775,-0.309875,-0.287124,0.07663,-0.706891,-1.03593,-0.127304,-0.121295,-0.227743,0.014145,-0.805026
-0.771749,-1.016847,-0.759507,-0.719243,-0.410645,-0.431923,-0.33885,-0.652824,-2.353466,-0.08897,-0.255431,-0.197498,-0.477239,-0.386506,0.105011
0.327386,0.726127,0.286312,0.158448,-0.412068,0.01628,-0.440043,-0.420162,-0.308938,0.05279,-0.721019,-1.308602,-0.753466,-0.457791,-1.250377
-1.149488,-0.972632,-1.161936,-0.959569,-0.26262,-1.087644,-1.094823,-1.199811,-0.39656,-0.328545,0.069759,0.092797,-0.092105,-0.30598,2.449773
1.187949,-0.16514,1.096935,1.098139,-0.745834,-0.372605,-0.089257,0.237843,-0.695938,-1.211713,-0.532258,-1.344707,-0.519316,-0.251195,-1.391716
-0.686545,-0.488602,-0.712139,-0.667195,0.098188,-0.813606,-0.636654,-0.426352,-1.079287,-0.261918,-0.577734,-0.81891,-0.556444,-0.494534,-0.045328
-0.658144,-0.442061,-0.687837,-0.642736,0.308838,-0.923335,-0.819454,-0.861239,-0.341796,-0.708463,-0.791399,1.286636,-0.918311,-0.56912,0.263351
-0.518977,-0.788794,-0.541199,-0.543761,-1.107354,-0.602865,-0.63226,-0.835187,-0.527994,-1.14225,-0.602637,-0.691906,-0.58367,-0.484413,-0.34834
0.02633,0.891349,0.098896,-0.127954,0.792763,2.595576,1.372267,0.445226,2.089732,1.789355,-0.430117,1.620475,-0.373282,-0.18959,0.309686
-0.38549,0.49342,-0.409803,-0.419474,-0.631257,-0.726429,-0.724162,-0.52308,-0.429419,0.010262,1.176342,0.963683,1.11478,0.292907,-0.82336
-1.251733,-0.248914,-1.286742,-1.043186,-1.911524,-1.533193,-1.114873,-1.26182,-0.579108,0.237079,-0.185052,6.655279,-0.314869,-0.410268,-1.776065
-0.507616,1.761672,-0.445638,-0.504797,0.500985,0.586719,0.247342,-0.085098,0.479666,0.931705,0.000462,1.074358,-0.110916,-0.129746,0.685701
0.2081,0.912292,0.347273,0.046959,0.57215,1.774977,1.015706,1.02817,-0.272428,0.55604,-0.453216,-0.462029,0.358868,-0.333042,0.346688
-0.345728,-0.68873,-0.388796,-0.393877,-1.206274,-0.96048,-0.628619,-0.648697,0.063458,-0.868652,-0.761442,-0.559278,-0.679706,-0.540958,-0.581017
-0.101476,0.698202,-0.055155,-0.18768,1.682331,0.423736,0.623991,0.421496,0.081713,0.846648,0.772111,1.624104,1.009833,0.206,2.253098
1.122625,0.593484,1.047507,1.049789,-1.611917,-0.339629,0.26994,0.228557,-0.151947,-1.332209,0.833828,0.159928,0.715785,0.792566,-0.50368
1.435041,0.744743,1.463528,1.402458,-0.792091,0.728855,0.283751,0.484949,-0.1629,-1.064282,0.110182,-0.261,0.478665,0.305448,-0.50568
0.091654,0.216499,0.103839,-0.034667,0.16793,0.308132,0.366614,0.280661,0.505223,0.264013,-0.707304,-1.026834,-0.702973,-0.460212,-0.999033
-0.538858,0.062913,-0.553145,-0.551441,-0.035603,-0.44481,-0.589196,-0.202461,0.6111,-0.378161,-0.186856,0.198029,-0.276256,-0.288158,0.15768
0.969258,0.007063,0.952769,0.843876,-0.475405,0.292971,0.185822,0.669634,-1.115796,-1.118151,-0.029134,-0.705151,0.109867,0.008645,-0.317006
2.602339,1.717457,2.7569,2.929741,1.262455,1.972072,3.308243,2.916806,1.417958,-0.071959,0.53679,0.622586,0.891521,0.942177,0.762038
-0.090115,1.037954,-0.016848,-0.162367,2.557666,1.373206,0.841192,1.105036,1.604157,1.617825,0.576131,1.293893,0.516288,0.272445,0.594364
-0.470694,-0.160486,-0.44811,-0.491999,0.234114,0.027651,-0.109847,-0.276232,0.413949,0.132176,-0.032743,-0.313616,-0.182696,-0.221053,-0.029327
0.281943,-0.607283,0.280545,0.175512,-0.540877,-0.160348,-0.166973,-0.209683,-0.794513,-0.416437,-0.483894,-1.550817,-0.441597,-0.305759,-0.523014
-1.207427,-0.469986,-1.196536,-1.022424,0.892395,-0.606845,-0.894408,-0.758321,0.446807,0.007427,-0.691063,0.227059,-0.667826,-0.616204,0.89271
0.81873,0.225807,0.730342,0.70935,-0.614889,-0.5932,-0.242302,0.128476,0.782694,-1.498069,0.651924,-0.655801,0.613809,0.618752,-0.667687
-0.288925,0.756379,-0.203852,-0.356904,0.273255,0.833088,-0.021963,0.054189,0.140128,1.460471,-0.765413,-0.534421,-0.680696,-0.555479,-0.596684
0.324545,-1.484587,0.255419,0.200825,-1.034766,-0.796739,-0.375134,-0.447504,-1.652485,-1.068535,-0.692146,-1.549547,-0.663865,-0.447451,-0.916697
1.832661,0.663296,1.760097,1.806321,-0.388583,0.577243,0.944142,1.204343,-0.170202,-1.780172,1.64193,0.477438,2.060783,1.570106,0.361022
-0.649623,-0.081366,-0.677951,-0.645296,-0.544436,-0.669764,-0.779781,-0.902509,-1.017221,-0.315787,-0.660385,-0.63802,-0.703963,-0.510815,-0.508014
3.971288,-0.190738,3.97613,5.244841,1.269571,0.895628,2.903973,2.852321,-0.597362,-1.069952,8.906909,0.470181,9.461986,10.676614,2.136427
0.935176,1.459153,0.928055,0.833637,0.301721,0.194424,0.996873,0.439809,-1.838683,-0.586549,0.449087,0.816721,0.445993,0.400275,8.029999
0.01781,1.051916,0.037111,-0.125678,-0.123136,0.497647,0.285006,0.404988,1.545741,0.217232,0.056044,1.139674,0.330651,-0.205432,1.279726
-0.075915,-0.549106,-0.041562,-0.216121,0.444052,0.897523,0.128195,0.183159,1.07477,0.901935,-0.537311,-0.041464,-0.461893,-0.388266,-0.360341
-0.635423,-0.218663,-0.603397,-0.633351,-0.194302,0.209585,-0.281725,-0.451373,0.567289,0.048537,-0.392942,0.628029,-0.385658,-0.415328,0.610365
-1.115407,-0.421117,-1.1088,-0.949046,-1.125857,-0.857952,-0.389949,-0.985566,0.556336,0.049955,-0.174946,1.279378,-0.058938,-0.386066,-0.787025
1.61113,0.528326,1.554146,1.635674,-0.180069,0.497647,0.482119,0.979935,1.030958,-0.990566,1.985527,-0.055979,1.792477,1.849528,-0.078996
1.534446,3.067156,1.484123,1.615766,-0.865392,0.164101,0.322671,0.450127,-1.40057,-1.370484,1.205577,0.188958,0.918747,1.530503,-0.50068
-0.135558,-1.42641,-0.168428,-0.244562,0.007097,-0.326553,-0.626736,-0.60072,-1.648834,0.091065,-0.703695,-1.421091,-0.730199,-0.504655,-0.969366
-0.161119,-1.254207,-0.139183,-0.266177,0.621966,0.2816,-0.128052,-0.113729,0.549034,0.032944,-0.535145,-1.304066,-0.42328,-0.424789,-0.396676
-1.121087,-0.409482,-1.105917,-0.972083,0.693131,-0.366161,-0.892901,-0.767865,0.359185,0.890594,-0.571959,0.000266,-0.606442,-0.556359,0.286019
0.460872,0.22348,0.437892,0.302644,0.436936,0.304342,0.325182,0.404988,0.450458,0.032944,-0.208872,-0.536961,-0.307938,-0.17925,-0.758357
-0.243483,-0.528162,-0.305591,-0.308554,-0.8476,-1.030979,-0.668669,-0.628319,-1.152306,-0.858729,-0.405935,-0.591754,-0.406944,-0.344483,-0.33634
0.060412,-1.354271,0.022283,-0.038933,0.192127,-0.532555,-0.396226,-0.074523,0.96159,-1.179108,0.421657,-0.734362,0.444013,0.174978,0.016008
-1.047243,-0.891185,-1.044132,-0.925156,0.636199,-0.513983,-1.03147,-0.948165,-0.08623,0.241332,-0.771909,-0.569982,-0.82079,-0.626544,-0.176
0.247862,-0.87955,0.225762,0.084216,-0.900263,0.099666,-0.298172,-0.286807,0.253307,-0.528427,-0.625736,-1.306787,-0.292097,-0.450091,-0.974032
-0.428092,1.089149,-0.4374,-0.450759,-1.233317,-0.550559,-0.432134,-0.736654,-1.086589,-0.369656,-0.578456,-0.2737,-0.703468,-0.480233,-0.624018
-0.368449,0.70751,-0.276346,-0.431419,0.885278,1.431955,1.013195,0.507906,1.136836,1.381085,-0.357572,-0.268257,-0.301503,-0.334582,-0.019327
0.830091,-0.048787,0.882746,0.6829,1.262455,1.001757,1.283127,1.549724,1.166043,0.064131,-0.394386,-0.975851,-0.352986,-0.18387,-0.503013
-0.797311,1.812867,-0.832414,-0.73716,-1.959205,-1.254796,-0.90985,-1.181213,0.209496,-0.923939,-1.025637,-0.588126,-0.89455,-0.69816,-1.129372
-0.825712,3.378983,-0.872369,-0.762473,-1.320851,-1.30009,-1.052512,-1.095861,0.121873,-0.640418,-0.654249,0.780434,-0.681686,-0.547338,-0.894029
1.81278,1.982743,1.74774,1.8888,-0.339479,0.057973,0.83617,0.889399,-1.327551,-0.974973,0.428875,-0.050536,0.445993,0.652855,-0.673687
-1.295188,-0.786467,-1.308161,-1.067361,-0.834079,-1.202869,-0.907465,-0.831834,-0.951504,0.174704,-0.685649,-0.701704,-0.817325,-0.609383,1.533069
-0.027632,0.456187,-0.089755,-0.14644,-0.402816,-0.661236,-0.931319,-0.772766,-1.075636,-0.630495,-0.527927,0.519168,-0.593571,-0.401907,0.116012
2.579618,1.787269,2.534473,2.88708,-0.0904,1.210223,1.333347,1.928896,0.355534,0.041449,2.356193,-0.45967,2.1687,2.540382,-0.204335
1.804259,0.505055,1.669479,1.851826,-0.911649,-0.395347,0.020348,0.291494,-1.258183,-1.563278,1.01862,-0.319059,1.12765,0.949658,0.306019
0.02633,1.992051,0.02393,-0.088136,-1.005588,-0.008357,0.26994,-0.124821,-1.714551,-0.213719,-0.251822,2.008745,-0.376748,-0.228313,-0.24467
0.946536,4.651889,0.882746,0.755709,0.125231,0.482486,0.664167,1.010888,-0.00956,-0.444789,0.474351,-0.654531,0.067295,0.190599,-0.727022
-0.138398,-0.858606,-0.189023,-0.22636,-0.151602,-0.720933,-0.524161,-0.299446,-0.345447,-0.878576,-0.292245,-1.008146,-0.430706,-0.289258,-0.190334
-0.484895,-0.988922,-0.550261,-0.507357,-1.216949,-1.334392,-0.982669,-0.976022,-0.969759,-0.745321,-1.046209,-0.984016,-1.044049,-0.689337,-1.258711
-0.802991,-0.255896,-0.743031,-0.755078,-0.031333,0.533655,0.828637,-0.525659,0.884921,1.969391,-0.586035,0.771362,-0.24606,-0.526877,-0.125998
-0.107156,1.042608,-0.141243,-0.184551,-1.133686,-0.687389,-0.525166,-0.657209,-0.140994,-1.206042,0.106573,-0.290029,-0.018345,-0.008956,-0.896696
1.497524,0.979777,1.529432,1.422367,0.451169,0.975224,1.457641,1.030234,0.607449,-0.39659,0.429958,1.061657,0.579652,0.441639,1.189722
-1.035883,0.132725,-1.040013,-0.902118,0.75718,-0.845823,-0.508342,-0.469944,-0.272428,0.227155,-0.120086,2.531276,-0.172795,-0.376605,2.999795
-0.263364,-0.432753,-0.322891,-0.322206,-1.722935,-1.120051,-0.570489,-0.976796,-1.185164,-0.914016,-0.87405,0.696974,-0.986625,-0.589142,-0.260004
-0.351408,-1.205339,-0.289115,-0.405822,-0.623429,0.573453,0.61018,-0.235219,-0.787211,0.18321,-0.731486,-1.409116,-0.234179,-0.527757,-0.513347
-0.9876,1.380033,-0.986877,-0.875668,0.014925,-0.606466,-0.81619,-0.845247,0.311723,0.069801,-0.561131,0.501025,-0.677726,-0.521376,0.049342
-0.740508,-1.014519,-0.745503,-0.707013,0.351537,-0.497685,-0.571494,-0.506314,0.260609,-0.158433,-0.537671,-0.324502,-0.584165,-0.477813,-0.126331
1.934906,0.993739,1.933096,2.016784,0.308838,1.066192,2.290035,2.117192,1.436213,-0.541186,2.161296,-0.718577,1.735548,2.146551,-0.586017
-0.746188,-0.195392,-0.769805,-0.703884,-0.207111,-0.842033,-0.783673,-0.728142,0.081713,-0.490152,-0.045014,-0.67848,-0.090125,-0.293659,-0.220335
1.591249,0.123416,1.595336,1.567416,0.700248,1.526713,1.919664,1.250514,-0.287032,0.59148,1.302665,-0.792602,0.618264,1.154494,0.48036
0.901094,-0.5142,0.86627,0.777324,0.315955,-0.004567,0.474586,0.892752,0.005043,-0.945203,-0.346022,-0.653261,-0.333185,-0.147567,-0.761357
1.511725,0.00939,1.422337,1.462184,0.508101,0.27402,0.616458,0.954141,-0.130042,-0.897005,0.688377,-1.057134,0.460844,0.674637,-0.797359
-0.047513,-0.521181,-0.022203,-0.149284,0.94221,0.446478,0.114133,0.091333,0.351883,-0.212302,0.071563,-0.738535,-0.150024,-0.101144,-0.230002
1.540126,2.206141,1.714788,1.57026,-0.267602,1.932274,1.124934,1.689012,0.297119,-0.067706,1.578769,-0.032392,2.124642,1.453497,-0.228336
0.338746,-0.469986,0.462606,0.166127,2.643065,2.351102,1.958584,1.941793,2.140845,1.865906,0.91684,-0.2864,0.591532,0.420737,1.036382
0.435311,0.909965,0.750937,0.337342,1.034726,3.924075,2.872586,2.290012,2.494987,2.586049,3.200748,2.244609,3.590923,2.159752,1.773079
0.398389,3.320807,0.483201,0.256,0.707364,1.128731,1.083503,0.904617,1.020006,0.524852,-0.589283,0.110941,-0.476744,-0.381005,-0.565349
1.755977,1.808213,1.685955,1.800632,0.259022,0.084505,0.792227,1.145533,0.008694,-1.003325,-0.026968,-0.333573,-0.138143,0.264085,-0.66602
0.915295,0.877386,0.783889,0.79126,-0.693171,-0.785368,-0.751909,-0.530044,-0.904042,-1.37899,-0.016141,0.1817,-0.143093,0.089611,-0.438344
0.898254,0.660969,0.923936,0.833069,-0.453344,0.435107,0.102583,0.674535,1.082072,-1.156426,1.550617,0.755033,1.623671,1.113351,-0.107997
0.42111,0.021025,0.330797,0.294964,-1.278151,-0.913101,-0.586434,-0.527465,-0.966108,-1.186196,-0.632955,-0.395624,-0.65941,-0.399487,-1.40505
0.869853,0.647006,0.808603,0.777609,0.064029,-0.27273,0.022733,0.421754,0.202194,-0.991984,0.0546,-0.86826,-0.023296,0.111833,-0.849361
1.875263,2.753002,1.801287,2.17321,-0.118866,0.188738,0.601392,0.968328,-0.155598,-0.858729,2.767643,0.726003,2.417205,3.506257,-0.830027
-1.001801,-0.079038,-0.934566,-0.877375,0.036986,0.196319,-0.312987,-0.580343,0.402996,0.299453,0.163598,-0.036021,0.279168,-0.291238,0.143013
-0.152598,0.593484,-0.198085,-0.26703,-1.195599,-0.412213,-0.603634,-0.709312,-0.644825,-0.596472,-0.242438,1.268492,-0.136163,-0.298719,-0.535015
-0.357089,-0.716655,-0.394974,-0.405822,-0.150179,-0.798824,-0.625229,-0.845247,0.724279,-0.724057,-0.615991,0.003895,-0.65347,-0.486174,-0.50768
-0.970559,0.256059,-0.925504,-0.881641,0.842579,0.46543,-0.054229,-0.522306,-0.524343,0.825384,-0.308126,0.493767,-0.314869,-0.431169,0.620366
0.046211,-0.574704,-0.068748,-0.063392,-2.282296,-1.470464,-1.023849,-1.100607,-1.108494,-1.281175,-0.992432,-0.901826,-1.001031,-0.650526,-1.183041
-0.805831,-1.454335,-0.813055,-0.75906,0.140888,-0.535587,-0.704953,-0.551195,-0.155598,-0.013837,-0.775157,-1.247458,-0.842571,-0.597722,-0.189667
2.164957,0.395683,2.279094,2.377985,-0.167259,1.738969,1.640943,1.544566,-0.330843,-0.121575,2.749597,0.245202,2.970649,2.562383,-0.451345
-1.245485,-0.842317,-1.255026,-1.038066,-0.426301,-1.088781,-0.976392,-0.898898,0.983496,0.045702,-0.493639,0.34862,-0.552483,-0.526877,2.253098
1.080023,1.20783,0.956888,0.978402,-0.555822,-0.645696,-0.399365,-0.038153,-0.998966,-1.091216,0.057848,0.392164,-0.050027,0.120414,-0.532348
-0.635423,-0.449042,-0.64953,-0.623681,1.860245,-0.611014,-0.370489,0.647967,0.742534,-0.573791,0.851874,1.9525,0.571731,0.187079,2.37977
-0.794471,-1.193704,-0.831178,-0.734601,-0.182915,-1.243615,-1.096204,-1.175848,0.519826,-0.650341,-0.605164,0.11457,-0.644064,-0.511475,0.461692
1.329956,0.160649,1.191672,1.271629,-0.50743,-0.862311,-0.107964,0.245323,-0.955155,-1.819865,-0.277447,-0.705514,-0.24903,-0.079142,0.176681
-0.152598,-0.337343,-0.23598,-0.234892,-1.201293,-1.209502,-0.86415,-0.94249,-0.871183,-1.07704,-0.531175,-0.092266,-0.585651,-0.398607,-1.100038
-0.078755,-0.956343,-0.122707,-0.191946,-0.085419,-0.520426,-0.552536,-0.304605,1.089373,-0.604978,-0.567628,-0.539501,-0.512881,-0.460432,-0.935364
1.429361,1.701168,1.40998,1.374017,0.401353,0.776234,1.296937,1.230911,0.329977,-0.084717,0.833467,-0.391632,0.72024,0.644934,0.117012
-0.678025,-1.226283,-0.730262,-0.647287,-1.297366,-1.154922,-0.833014,-0.549132,1.056515,-0.236401,0.565664,0.092797,0.421242,-0.05516,0.33102
1.497524,-0.258223,1.451171,1.393926,0.522334,0.755387,0.926565,1.179323,0.297119,-0.549692,0.237226,-0.402337,0.018287,0.282126,-0.462345
0.600039,-0.120926,0.693271,0.427215,0.728714,1.437641,1.330836,1.073052,0.235053,0.573051,-0.425425,-0.543493,-0.199032,-0.269457,-0.826026
-0.351408,-0.835335,-0.324951,-0.393308,-1.293808,-0.161864,0.285006,-0.387404,-1.385966,-0.488735,-0.410988,0.312333,-0.25695,-0.375065,-0.207668
-0.439453,-0.207027,-0.500009,-0.471806,-0.884606,-1.178422,-1.091521,-1.186398,-0.418466,-0.602143,-0.481007,0.241574,-0.566839,-0.393546,-0.219335
-0.621222,0.342161,-0.580742,-0.608323,-0.733736,-0.061421,-0.289509,-0.28397,-0.816419,0.689294,-0.472706,0.314147,0.164321,-0.405427,-0.107331
-0.351408,-1.435719,-0.415157,-0.395299,-1.907966,-1.270715,-0.83113,-0.959772,-1.732806,-0.990566,-0.90942,-1.356863,-0.866828,-0.608503,-0.770024
-0.814352,0.155995,-0.751681,-0.741711,-1.150054,0.260754,0.049475,0.179548,2.860081,-0.066289,0.293891,1.248535,0.005416,-0.124465,2.899791
-0.78311,-0.093001,-0.815526,-0.736307,-0.656877,-1.028326,-0.813679,-0.701316,0.735232,-0.460382,-0.503745,1.373724,-0.451497,-0.502675,-0.167666
0.080293,0.102473,0.167272,-0.011061,-0.625564,1.198852,0.595114,0.441099,-0.3564,1.293194,1.717724,1.003598,0.739546,0.809067,0.24035
0.236501,-0.044132,0.208462,0.09218,-0.458325,-0.115812,-0.369108,-0.018808,0.246006,-0.606396,-0.423981,-0.487793,-0.344076,-0.340302,-0.569683
-0.334368,-0.760869,-0.36367,-0.401556,0.294605,-0.4721,-0.342114,-0.392562,-0.297985,0.269684,-0.706582,-0.822358,-0.809404,-0.498714,0.561363
-0.646783,-0.425771,-0.676715,-0.631929,-0.899551,-0.908174,-0.777395,-0.673717,0.231402,-0.800607,-0.715245,0.038367,-0.807919,-0.582101,0.184681
-0.399691,-1.282132,-0.419688,-0.462989,0.022041,-0.386818,-0.953165,-0.765543,-0.633872,-0.25483,-0.810167,-0.950269,-0.755446,-0.593102,-0.325673
-0.101476,-1.400813,-0.161014,-0.205313,-0.311725,-0.798444,-0.981414,-0.767349,-0.801815,-0.521339,-0.671573,-0.947547,-0.686637,-0.497174,-0.897696
-0.913757,-1.614903,-0.940332,-0.828172,-0.79565,-1.082717,-0.959693,-0.9087,-1.3239,-0.352645,-0.829657,-0.344459,-0.791583,-0.643486,-1.187708
-0.672344,-0.267531,-0.698958,-0.636479,0.236249,-0.856626,-0.777772,-0.355161,-0.70324,0.010262,0.865589,1.611403,0.62965,0.193019,-0.481679
0.037691,-0.26055,-0.030853,-0.06197,-2.177683,-0.988149,-0.804137,-0.90741,-0.644825,-0.983478,-0.632233,-0.993995,-0.596541,-0.43513,-1.290712
-1.027362,0.884367,-1.034658,-0.912073,0.36577,-0.689284,-0.801626,-0.778182,-0.425768,0.391598,-0.42723,-0.133996,-0.285662,-0.43513,1.043049
1.534446,-0.090674,1.545908,1.598701,1.326504,1.134417,1.643454,1.477501,-0.071627,0.385927,2.547481,-0.101337,2.163749,2.038743,-0.32834
-0.473535,0.139706,-0.475295,-0.522146,-0.84333,-0.055736,-0.257368,-0.462464,-0.111787,-0.043607,-0.147877,-0.320873,-0.142103,-0.264396,-0.170333
1.693494,1.063551,1.760097,1.684024,0.828346,1.505866,1.751427,2.03981,1.596855,1.68587,2.406722,0.954611,2.444432,1.990339,0.307686
-1.033042,-0.158159,-1.034246,-0.911788,0.742947,-0.711836,-0.826485,-0.802687,-1.203419,0.453972,-0.926383,0.628029,-0.90643,-0.665707,0.611365
-0.757549,-0.262877,-0.757036,-0.716114,-0.557245,-0.519289,-0.695035,-0.874394,-1.462636,-0.052113,-0.279252,-0.2864,-0.193586,-0.382985,-0.129665
-0.717787,1.210157,-0.730674,-0.676012,-1.538617,-0.899456,-0.867038,-0.923145,0.450458,-0.569538,-0.555717,1.032628,-0.448032,-0.486834,-0.306339
-0.263364,-0.80741,-0.325363,-0.334435,-0.800631,-0.982274,-1.09653,-1.177705,-0.655777,-0.546856,-0.775518,-1.167264,-0.82277,-0.546458,-1.136372
-1.456224,-1.137854,-1.466743,-1.162069,-1.872383,-1.386888,-1.068658,-1.172263,-0.08623,0.784274,-0.832183,0.159928,-0.852472,-0.67211,0.116012
-0.17816,-1.531128,-0.258635,-0.252241,-1.608359,-1.29251,-1.080246,-1.147836,-1.630579,-1.339297,-0.652444,-0.962425,-0.671786,-0.43887,-1.234376
-0.305966,-1.26817,-0.381381,-0.353491,-0.913784,-1.269578,-1.057635,-1.034085,-1.309296,-1.079875,-0.02769,-0.704607,-0.148043,-0.161208,-0.964365
-0.689385,-0.041805,-0.726555,-0.671746,-0.585,-0.981895,-0.916128,-0.965705,0.454109,-0.215137,-0.884517,0.386721,-0.869798,-0.639305,-0.325673
0.137096,-0.837662,0.029285,0.028472,-1.436139,-1.311272,-0.933202,-0.777667,-0.655777,-1.452705,-0.321841,-0.554016,-0.451497,-0.251635,-0.67002
-0.38833,-1.377542,-0.398681,-0.42886,-0.599233,-0.471152,-0.606145,-0.604589,-0.768957,-0.198126,-0.283944,-1.011412,-0.257445,-0.333482,-0.182334
-0.734828,-1.994215,-0.751269,-0.699049,-0.739429,-0.846202,-0.943246,-1.032073,0.078062,-0.25483,-0.988823,-1.554264,-0.870788,-0.679833,-0.972366
-1.570681,-0.160486,-1.560245,-1.233456,0.785646,-0.869323,-1.114873,-1.26182,1.282873,1.529934,-0.246769,2.830642,-0.318829,-0.495634,4.569859
-0.465014,-0.567723,-0.526371,-0.492852,-0.800631,-1.250816,-1.058714,-1.096145,-2.178221,-0.860147,-0.843011,-0.910353,-0.90049,-0.608283,-0.704355
-0.553058,-1.21232,-0.60628,-0.550303,-1.353587,-1.368694,-0.973881,-1.131534,-0.506089,-0.894169,-0.699725,-1.11991,-0.706933,-0.539418,-0.566016
1.162387,-0.097655,1.101054,1.058322,0.078262,0.139464,0.303839,0.788802,-0.016862,-0.872905,-0.003869,-1.209357,-0.157944,0.188399,-0.740023
-1.444295,-0.090674,-1.313928,-1.167189,0.236249,1.759816,1.364734,0.004149,1.892581,3.491898,0.217014,1.259421,0.446983,-0.355043,0.934712
-0.482055,-0.532817,-0.550673,-0.505082,-1.47955,-1.322832,-0.946385,-0.82358,-1.239928,-1.018918,-0.098791,1.783766,-0.187646,-0.201911,0.105345
-1.101206,-0.723636,-1.048251,-0.940514,0.693131,0.128093,-0.270425,-0.239088,-0.250523,1.416525,-0.135245,0.461109,-0.628223,-0.388486,1.14972
1.713375,0.086183,1.611812,1.760815,-1.150054,-0.354411,0.335226,0.731023,0.424902,-1.678104,0.676106,-0.962606,0.495991,0.759343,-0.835027
-0.359929,-1.389177,-0.376851,-0.426869,1.212639,-0.303242,-0.637784,-0.384824,-0.980711,0.278189,-0.663994,-0.317244,-0.619808,-0.522916,-0.377008
1.764497,0.516691,1.809525,1.732374,1.468835,1.575986,2.105477,2.617595,2.765157,0.553204,0.595621,-0.351717,0.567276,0.631953,-0.518681
-0.547378,-0.949362,-0.574975,-0.560257,-0.685343,-0.737042,-0.864527,-0.825385,-0.633872,-0.213719,-0.532979,-0.743071,-0.449022,-0.469232,-0.546015
-0.413892,-0.463005,-0.441519,-0.469246,0.458285,-0.524975,-0.713993,-0.71834,-0.381957,-0.419272,-0.704417,-0.483257,-0.643569,-0.500035,-0.077329
-0.004911,-1.491568,-0.079869,-0.109183,-0.232731,-0.971851,-0.893278,-0.55687,-1.601372,-0.821872,-0.534423,-0.246485,-0.647529,-0.361204,-0.116331
-0.595661,-0.316399,-0.654061,-0.594102,-1.389881,-1.239824,-1.095463,-1.11758,-1.568513,-0.297358,-0.619601,-0.557282,-0.693072,-0.514116,-0.770691
0.60856,0.330525,0.61501,0.451674,1.461718,0.522284,0.740752,0.927574,0.497921,-0.003914,0.116678,0.027481,0.199963,0.089611,-0.114664
0.605719,0.602792,0.639724,0.488932,1.433252,0.454059,1.143766,0.796798,0.209496,0.357575,0.597064,0.435708,0.046999,0.382454,1.173055
0.540396,-0.87955,0.5697,0.39337,-0.10321,0.620832,0.396746,0.554335,-0.108136,-0.430613,-0.245686,-0.851387,-0.117352,-0.155488,-0.400676
-0.325847,0.014044,-0.306827,-0.400703,-0.040584,0.154625,-0.222591,-0.500897,-0.184806,0.368916,-0.493639,-1.180146,-0.198537,-0.433149,-0.438011
-0.825712,0.132725,-0.825,-0.761051,0.643316,-0.692695,-1.052023,-1.066224,0.468713,-0.356897,-0.38825,1.35921,-0.449022,-0.455811,1.949753
-0.817192,-1.049425,-0.848066,-0.753372,-0.94652,-1.132559,-1.102648,-1.185959,-0.140994,-0.281764,-0.688536,-0.400523,-0.661885,-0.555919,-0.474679
-0.518977,-0.062749,-0.58033,-0.541771,-0.941539,-1.181075,-1.017496,-1.041668,-0.995315,-0.474559,-0.798256,0.571784,-0.825245,-0.596182,0.280018
0.832931,0.39801,0.816841,0.750021,1.105891,0.02386,0.778417,1.300555,-0.308938,-0.29594,1.483125,1.654948,1.589019,1.030404,-0.195334
-0.323007,-1.177414,-0.324951,-0.39985,-0.123848,-0.088901,-0.645568,-0.720662,-0.582759,1.358404,-0.80764,-1.044433,-0.962418,-0.57044,-0.603351
1.318595,0.498074,1.274053,1.243188,-0.37008,0.679581,0.215954,0.309034,0.516175,-0.278929,0.855484,0.568156,0.744002,1.054166,0.169014
-1.158009,-0.409482,-1.135162,-0.978625,0.308838,-0.589031,-0.799618,-0.803976,0.286166,0.072637,-0.517099,1.448112,-0.538623,-0.516756,0.254017
2.664822,1.158961,2.600377,3.106075,0.750064,0.454059,1.782814,2.375132,-0.053372,-1.096887,2.179342,-0.53043,1.780101,2.722996,-0.24967
0.083133,-0.639862,0.089834,-0.038933,0.08182,0.181157,-0.109596,-0.17254,0.366487,0.187463,-0.202376,-0.809657,-0.09359,-0.18035,-0.82136
-1.284111,-0.57005,-1.249259,-1.064801,-0.821981,-0.228573,-0.057493,-0.670622,0.819204,1.198214,-0.796813,-0.497046,-0.711388,-0.621924,-0.362341
-0.871154,-1.007538,-0.843535,-0.799162,0.493868,-0.2534,-0.437281,-0.400043,-0.130042,0.889177,-0.884517,-0.715493,-0.748021,-0.649866,0.125012
1.577048,0.556251,1.562384,1.533287,0.114556,0.560187,1.224118,1.583257,0.987147,-0.800607,0.784743,1.936171,1.142006,0.601151,-0.761691
-0.686545,-0.893512,-0.697722,-0.667195,1.326504,-0.597559,-0.611921,-0.423515,0.720628,0.320717,-0.218617,-0.866083,-0.25299,-0.347783,0.831707
-1.098366,-1.065715,-1.061432,-0.947908,0.175047,-0.24165,-0.665279,-0.736396,-0.652127,1.028102,-0.242438,2.344398,-0.233684,-0.462192,3.439813
-0.58714,-0.090674,-0.630582,-0.596093,-0.889588,-0.879367,-1.020585,-1.04288,-0.9369,-0.328545,-0.585313,-0.117666,-0.647034,-0.491014,0.046342
0.179698,-1.058734,0.119491,0.03928,-0.541589,-0.502991,-0.53634,-0.351808,-1.061032,-0.521339,-0.225114,-1.4855,-0.162894,-0.248115,-0.769691
-0.754709,-0.758542,-0.780514,-0.717252,-0.398546,-0.861932,-0.790076,-0.662883,-0.648476,0.130758,-0.846259,-0.826168,-0.879204,-0.617964,0.716703
-0.618382,-1.007538,-0.607104,-0.648993,1.383436,0.308132,-0.967854,-0.800881,2.363553,0.427038,-0.159426,-0.302729,-0.203487,-0.301139,-0.413676
-0.700746,-0.516527,-0.752505,-0.665205,-1.476703,-1.289477,-1.010591,-0.962094,-0.513391,-0.777926,-0.186856,-0.987826,-0.317344,-0.31478,-0.152666
0.460872,-0.016208,0.623248,0.294964,1.988342,2.502714,2.543646,1.941793,2.056873,1.875829,0.415882,0.194401,0.302434,0.239443,0.762705
3.295334,-0.425771,3.38711,3.854074,1.319387,2.500819,3.113641,3.672569,0.527128,-0.22506,2.128091,-0.663965,2.156324,2.480977,-0.224002
0.270583,1.50104,0.248417,0.175512,0.429819,-0.126046,0.435666,0.42846,-0.601013,0.261178,0.895907,0.524611,0.647471,0.506764,1.159721
-0.848433,-1.214647,-0.853833,-0.76873,-1.680948,-0.828198,-0.549271,-0.88239,-0.444023,-0.278929,0.061457,-0.739624,0.229665,-0.252955,-0.500013
-0.445133,-0.051114,-0.413922,-0.480907,-0.623429,-0.010252,0.178289,-0.129206,-1.017221,-0.135751,-0.162314,0.47381,0.171251,-0.282658,0.937378
-0.305966,-0.162813,-0.283349,-0.406391,0.842579,0.493857,0.090781,0.183417,0.815553,0.313629,-0.34133,0.531869,-0.136658,-0.412908,0.255351
-0.073075,-0.716655,-0.142066,-0.174028,-0.635527,-0.936601,-0.926297,-0.723241,-1.415174,-0.56245,-0.544529,0.26516,-0.558919,-0.431169,-0.467679
-1.490873,-0.884204,-1.451091,-1.177143,-0.955772,-0.518531,-0.522153,-0.647665,0.432204,0.483742,0.479765,-0.030578,0.698459,-0.223473,1.296393
-1.332393,-0.225644,-1.324225,-1.070205,0.323071,-0.848666,-0.774633,-0.899156,-1.115796,0.962892,0.370767,0.054696,0.198478,-0.216873,-0.068329
-0.450813,-0.28382,-0.516897,-0.463558,-1.56566,-1.475202,-1.099882,-1.121268,-1.035476,-1.551938,-0.195157,-0.479265,-0.265861,-0.264836,-0.419343
-0.234963,0.530653,-0.27717,-0.309407,-0.750104,-0.769638,-0.695035,-0.636573,0.012345,-0.827542,-0.516377,0.584485,-0.414865,-0.425889,-0.514347
-0.38833,-0.104636,-0.415981,-0.45019,0.028446,-0.470394,-0.777395,-0.802429,-0.192108,-0.137169,-0.663633,0.123641,-0.658915,-0.507735,-0.477679
0.673883,-0.232625,0.602652,0.521071,0.035563,-0.372605,-0.3789,-0.014681,-1.155957,-0.973555,-0.23919,0.40305,-0.258435,-0.148667,0.07201
-0.206561,-0.544452,-0.267285,-0.29149,-1.209121,-0.89794,-0.841049,-0.881874,-0.59006,-0.820454,-0.890652,-1.096686,-0.905935,-0.596622,-0.882362
1.792899,0.579522,1.723026,1.814853,-0.345884,0.165996,0.115389,0.746242,-0.706891,-1.024589,0.624133,-0.5444,0.669252,0.706319,-0.277671
1.724735,1.75469,1.718907,1.647051,0.191415,1.185586,0.945398,2.001119,0.231402,-0.368238,2.060599,1.224948,2.109791,1.391892,0.466026
-0.544538,-0.295456,-0.562618,-0.558835,-0.28824,-0.617647,-0.563459,-0.738976,-0.425768,-0.515669,-0.550304,-0.795142,-0.4911,-0.478913,-0.402676
2.153597,-0.47464,2.015476,2.534411,-0.179357,-0.35479,0.351548,0.921641,-0.345447,-1.737644,2.893965,-0.300915,2.409285,4.043098,-0.491013
2.238801,0.607446,2.274975,2.352388,0.707364,1.725703,1.958584,2.609857,0.045204,-0.198126,2.175733,-0.937931,2.324139,1.977138,-1.021034
0.631281,0.930909,0.701509,0.527612,0.075415,0.85962,1.158832,1.001086,1.326685,-0.087553,0.09394,-0.353531,0.052444,0.113593,-0.468679
0.301824,-1.414775,0.234,0.16186,-1.190618,-0.66332,-0.688883,-0.576473,-0.330843,-1.043018,-0.818829,-1.459374,-0.756436,-0.497614,-0.676354
2.057032,-0.974959,2.031952,2.079354,0.266139,0.893733,1.310748,1.975325,0.589194,-0.137169,-0.230167,0.167186,-0.227248,-0.028098,-0.871695
1.849702,-0.451369,1.764216,1.934305,-0.135234,0.061763,0.802271,1.04442,-0.878485,-1.13658,0.752621,-1.014859,0.620244,0.807087,-0.276671
-0.124197,-0.749234,-0.170076,-0.215552,-0.949367,-0.769449,-0.793968,-0.737944,0.220449,-0.865817,-0.846981,-1.288644,-0.739605,-0.579461,-0.937031
0.580158,-0.749234,0.590295,0.380003,0.173624,0.747807,-0.279842,0.130282,0.65126,0.414279,-0.832544,-1.320576,-0.750991,-0.559439,-0.843694
-1.010321,0.216499,-0.89873,-0.900412,-0.400681,1.16853,1.747661,0.270601,1.374147,3.07654,-1.059924,0.025667,-0.24903,-0.728456,0.486027
-0.18952,2.075826,-0.250397,-0.263902,-1.508016,-1.081769,-0.955299,-0.973701,-1.426127,-0.732562,-0.852755,-0.121295,-0.725744,-0.559439,-0.699688
-0.132717,-0.963324,-0.152364,-0.211286,-0.973563,-0.546958,-0.581412,-0.62445,-0.071627,-0.542604,-0.95634,-1.224961,-0.873758,-0.637765,-0.609684
-0.865474,-0.106963,-0.768981,-0.834144,1.796196,2.104733,1.005662,0.380483,1.403355,2.367738,-0.699364,-0.344459,-0.567829,-0.579681,0.121345
-0.811511,-1.472952,-0.774748,-0.763895,1.945643,0.128093,-0.12303,0.169746,0.753487,0.8991,-0.537671,-0.41921,-0.523277,-0.534577,-0.135332
-0.876835,-1.014519,-0.877311,-0.802575,-1.173538,-0.635841,-0.669674,-0.726852,0.698723,-0.04786,-0.869719,-0.337202,-0.784653,-0.630505,-0.581683
-0.58998,0.798266,-0.544495,-0.588983,-1.922199,0.056078,-0.117631,-0.493675,-2.222032,0.537611,-1.031411,0.393979,-0.538623,-0.67739,-0.666353
-0.493416,-0.421117,-0.466645,-0.546037,0.557917,0.480591,-0.375134,-0.518953,-0.119089,0.436961,-0.521069,-0.623868,-0.370807,-0.465052,-0.108664
-0.240643,-1.296095,-0.254516,-0.321637,-0.905956,-0.352327,-0.477457,-0.52308,-0.710542,-0.972138,-0.800783,-1.244737,-0.630698,-0.551739,-0.923364
0.134256,0.930909,0.08242,0.027903,-0.678938,-0.719796,-0.061511,0.097781,-0.674032,-1.224471,0.037998,0.744147,0.023732,-0.161208,0.423691
-0.544538,-1.209993,-0.543259,-0.548596,-1.087428,-0.494842,-0.256238,-0.6082,-0.604664,-0.178279,-0.500136,-0.700252,-0.380708,-0.448331,-0.878695
-0.070234,-0.72829,-0.148245,-0.16578,-1.857438,-1.06187,-0.858124,-1.04239,-0.747051,-1.14225,-0.545251,-1.079632,-0.57278,-0.378805,-1.104371
-0.811511,-0.881877,-0.765686,-0.747684,-0.904533,0.133779,0.149413,-0.550679,-0.00591,1.37825,-0.269507,-0.271886,-0.147053,-0.382105,1.113052
1.540126,0.912292,1.521194,1.476405,0.330188,0.520389,1.21533,1.371746,0.647609,-0.561032,0.741794,2.937689,1.245963,0.654835,1.39973
-1.098366,-1.645155,-1.079967,-0.947908,0.256176,-0.548095,-0.873441,-0.754194,-0.042419,0.410026,-0.772631,-1.214074,-0.751486,-0.626104,-0.453011
-1.531771,-0.57005,-1.511641,-1.196199,0.536567,-0.5697,-1.114873,-1.26182,0.633006,1.159939,0.40325,1.56423,0.148975,-0.252735,2.926459
0.387028,0.158322,0.429654,0.255431,1.397669,0.982805,1.259272,1.088786,0.428553,0.658107,0.872808,0.207101,0.895481,0.58465,0.07601
2.125195,0.695875,2.159642,2.139081,1.447485,1.977758,2.413074,2.7672,1.279223,0.462478,0.790518,-0.536961,0.63955,0.894434,-0.608684
-0.57578,-0.365268,-0.572504,-0.593533,0.465402,-0.128131,-0.514369,-0.403912,0.45776,-0.168356,-0.436974,0.789506,-0.493575,-0.398607,0.368355
-0.019112,-0.490929,-0.091402,-0.130229,-1.132262,-0.961427,-0.778274,-0.423257,-0.622919,-0.731145,-0.919526,0.849379,-0.806434,-0.608723,-0.556682
-0.17532,-0.093001,-0.159366,-0.275278,0.678898,0.196319,-0.037656,0.126155,-0.020513,-0.2846,-0.691424,0.208915,-0.669806,-0.463072,-0.533015
-0.37697,-0.425771,-0.367377,-0.416914,-1.132974,-0.291682,-0.18706,-0.208651,-0.867532,-0.750991,-0.14896,0.087354,-0.098045,-0.214892,-0.540015
-0.871154,-1.03779,-0.89214,-0.786932,-1.348605,-1.073809,-0.774382,-1.074916,-1.009919,-0.093223,-0.792843,-0.959341,-0.793563,-0.601903,-0.927364
-0.660984,-0.472313,-0.688248,-0.634204,-0.390718,-0.79636,-0.75668,-0.839314,0.129175,-0.369656,-0.221505,-0.139439,-0.317344,-0.336122,-0.526014
1.074343,0.402664,1.335838,0.964466,1.895827,2.904485,2.888907,1.828299,1.100326,1.184038,-0.007839,-0.802218,0.127194,0.025806,0.039342
-0.624062,-1.95,-0.652001,-0.603488,-0.543724,-0.983979,-0.78769,-0.79856,-0.768957,-1.047271,-0.552108,-0.311801,-0.602482,-0.470552,-0.288671
-0.331527,-0.232625,-0.320832,-0.368849,-1.62615,-0.480439,-0.605518,-0.776119,0.227751,-0.539768,-0.61166,0.149042,-0.232199,-0.44283,-1.137372
-0.337208,-0.725963,-0.362022,-0.418905,0.172912,-0.302863,-0.701061,-0.645343,-0.27973,-0.113069,-0.936128,-0.565809,-0.924994,-0.637545,-1.384716
-0.507616,-1.009865,-0.563442,-0.528403,-0.678938,-1.111144,-0.850089,-0.732011,-0.878485,-0.810531,-0.078941,-0.560729,-0.130717,-0.224133,0.220349
-0.905236,-0.162813,-0.888845,-0.810254,0.287488,-0.563636,-0.494155,-0.50554,-1.188815,0.475236,-0.092295,0.954611,0.075215,-0.320281,0.826041
0.571638,-1.030809,0.507915,0.41271,-0.100363,-0.366351,-0.424349,-0.093868,-0.27973,-0.573791,-0.600833,-1.051691,-0.562879,-0.407187,-1.027701
-0.362769,0.484112,-0.384677,-0.399281,-1.483819,-0.401411,-0.345755,-0.780246,-0.845627,-0.234983,0.339728,1.0544,-0.155469,0.019866,-0.34334
1.097064,0.31889,1.063983,0.957925,0.515218,0.493857,0.392979,1.014241,0.658562,-0.298776,0.175148,-0.623324,0.096502,0.20842,0.063343
-0.527497,-0.318726,-0.558499,-0.536936,-0.676803,-0.740642,-0.711733,-0.577505,0.563638,-0.967885,-0.256153,1.023556,-0.389618,-0.320061,-0.384342
-0.78595,-0.400174,-0.802345,-0.7255,-0.553687,-0.970524,-0.765468,-0.720146,-0.768957,-0.519922,-0.770826,0.613514,-0.74604,-0.586941,-0.550015
-0.876835,-0.572377,-0.867014,-0.801153,0.806996,-0.498443,-0.732448,-0.622129,-0.3564,0.085395,-0.752419,0.308704,-0.754456,-0.589582,-0.627685
-1.34347,0.556251,-1.327108,-1.098077,-1.186348,-0.830283,-0.645945,-1.129548,-1.962815,0.629755,-1.034299,-0.063236,-0.837621,-0.737829,-0.50868
0.245021,0.656315,0.229057,0.110382,-0.797785,-0.034889,-0.253727,-0.262045,0.483317,-0.519922,-0.312457,0.216173,-0.275266,-0.260216,-0.864028
0.284783,2.448156,0.195281,0.18376,-0.936557,-1.1047,-0.526547,-0.555322,0.14743,-1.397419,0.22712,0.744147,0.087591,0.110953,-0.069996
-0.635423,0.43757,-0.641704,-0.6288,0.097477,-0.438556,-0.794093,-0.699769,0.757138,0.014515,-0.470901,-0.025135,-0.463378,-0.457791,0.951379
-1.341198,0.560905,-1.333287,-1.091251,0.57215,-0.810194,-0.857873,-0.937589,0.779043,0.45539,0.090331,3.013891,-0.052998,-0.333702,2.566444
0.389869,0.416627,0.450249,0.421527,1.113008,0.999861,0.795994,0.925768,0.9981,0.82822,3.482267,-0.006991,3.246381,2.995817,0.385689
-0.405371,-1.65679,-0.45676,-0.454741,-0.605638,-0.879367,-0.818576,-0.642248,-0.834674,-0.006749,-0.649196,-1.036269,-0.662875,-0.505315,-0.303339
-0.842753,0.49342,-0.865778,-0.78096,0.38712,-0.844497,-1.002443,-0.984276,-0.717843,-0.192455,-0.428312,0.836678,-0.444567,-0.469672,-0.044328
-0.726307,-0.058095,-0.73191,-0.697343,-0.775723,-0.513983,-0.426233,-0.893482,0.800949,-0.01809,-0.428673,0.404865,-0.32675,-0.44085,0.07901
0.159817,-1.235591,0.257479,0.003444,0.479635,1.502076,0.705598,0.363201,1.001751,1.596561,0.508999,0.533683,0.954885,0.2005,0.97838
-0.714947,-0.760869,-0.68001,-0.701609,0.885278,0.236117,-0.223847,-0.101864,0.271562,0.057043,-0.575929,-0.876244,-0.593571,-0.537878,-0.385675
-0.132717,-0.037151,-0.103348,-0.22636,-0.412068,0.196319,0.097561,-0.020613,0.132826,-0.140004,-0.652444,-0.583953,-0.525752,-0.461532,-1.020368
-1.245485,-0.039478,-1.237314,-1.038635,0.792763,-0.398189,-1.002707,-0.754452,2.651977,1.062124,1.051464,0.961868,0.861819,0.07003,2.009755
-1.163689,0.463168,-1.185414,-0.988579,-1.081023,-1.236034,-1.083862,-1.128748,-0.663079,0.225738,-0.794286,0.225245,-0.832671,-0.632265,-0.439011
-1.035883,-1.002884,-1.008296,-0.913779,0.128078,-0.057631,-0.319515,-0.689709,0.413949,0.900517,-0.279974,-0.163025,-0.149529,-0.430509,0.107678
-0.944998,0.626063,-0.954749,-0.838979,-0.594251,-0.889033,-0.661136,-0.899672,0.746185,-0.429195,-0.351797,0.733261,-0.309918,-0.44305,-0.166
-0.851273,-0.621245,-0.885549,-0.778684,-1.056827,-1.250816,-0.942995,-0.908442,-1.097542,-0.186785,-0.951648,-0.453139,-0.939597,-0.67398,-0.386009
-0.399691,-0.376903,-0.45264,-0.436823,-1.238299,-1.12043,-0.938852,-0.7885,-1.287391,-1.043018,-0.39619,-0.604636,-0.374767,-0.376165,0.098678
0.21946,0.754052,0.417297,0.085638,0.221305,2.239288,2.316401,1.243034,0.837458,0.876418,-0.549221,-0.620421,0.296989,-0.355263,-0.025327
-0.490575,-0.374576,-0.432457,-0.532101,0.643316,0.516599,-0.142993,-0.539846,-0.002259,1.165609,-0.824604,0.441152,-0.32774,-0.547998,0.98638
1.719055,0.058258,1.723026,1.692556,1.205523,0.844459,1.563102,1.985643,-0.319891,-0.321457,0.100798,-0.391632,0.070265,0.267385,0.682035
1.332796,0.623736,1.307005,1.294382,0.38712,0.654944,0.88639,0.993606,0.479666,-0.209467,1.493953,1.295707,0.805385,1.398493,0.344354
0.2081,-0.546779,0.120315,0.0535,-0.506718,-0.636788,-0.694784,-0.519727,-0.871183,-0.817619,-0.369482,-0.995265,-0.620798,-0.361204,-0.428344
-0.041833,0.076875,-0.034972,-0.157532,0.686015,0.169787,0.298817,0.405245,-0.520693,0.374586,-0.665437,-0.478177,-0.625748,-0.472752,-0.575683
-0.357089,0.058258,-0.383029,-0.414355,-0.355847,-0.483471,-0.88926,-0.722725,0.180289,0.095318,-0.139576,-0.812016,-0.133193,-0.304439,-0.377008
-0.024792,-0.770177,-0.090167,-0.124256,-0.838349,-0.860226,-0.67118,-0.502445,-0.3564,-0.541186,-0.057647,-0.309987,-0.109926,-0.167149,0.311686
-0.078755,0.072221,-0.135476,-0.177157,-0.677515,-0.777787,-0.946385,-0.670364,-0.9369,-0.860147,-0.228362,0.836678,-0.264871,-0.235574,-0.401676
-0.030472,-0.844644,-0.097993,-0.137624,-1.188483,-0.919734,-0.852851,-0.577763,-0.812768,-0.983478,-0.689258,-1.019577,-0.623768,-0.463952,-0.734689
-0.896716,-0.486275,-0.83365,-0.805988,-0.513123,0.131884,0.072451,-0.329883,-1.177862,0.510676,-0.53334,0.288747,-0.029731,-0.488154,0.508028
0.892574,1.426574,0.841556,0.779031,-0.928729,0.124303,0.396746,0.217723,-1.258183,-1.23723,0.378346,0.838493,0.206398,0.396975,0.356021
-0.098636,-0.814392,-0.148245,-0.196212,-0.582865,-0.704256,-0.982418,-1.005505,-1.484542,-0.612066,-0.17639,-1.330918,-0.312394,-0.241955,-0.203001
-1.010321,-0.225644,-1.035894,-0.893017,-1.063232,-1.131801,-0.864652,-0.975248,2.045921,-0.725474,-0.806197,2.404272,-0.786633,-0.598822,1.22639
1.108425,-0.567723,1.051626,0.95309,-0.49035,0.357406,0.253619,0.351336,-0.334494,-0.708463,-0.384641,-1.136239,-0.467833,-0.100484,-0.974699
-0.607021,1.303239,-0.591451,-0.607469,0.472519,-0.230469,-0.431757,-0.159385,0.0306,0.808373,-0.515655,-0.023321,-0.495555,-0.460872,0.426358
1.028901,2.033938,1.043388,0.929199,0.256887,0.512808,1.016961,0.877275,-0.360051,-0.515669,-0.055842,-0.253742,0.003436,0.07949,-0.775691
0.191059,-0.37923,0.161093,0.056629,-0.325246,-0.292629,-0.604011,-0.678876,0.297119,-0.558197,-0.666881,-1.079087,-0.685152,-0.452951,-0.748357
0.114375,0.011717,0.093953,0.013683,-0.888165,-0.499201,-0.007901,-0.507346,-1.236277,-0.756662,-0.547416,0.248831,-0.431696,-0.380565,-0.964699
1.980348,0.286311,1.900144,2.073666,0.034139,0.249383,0.858769,1.717385,-0.940551,-0.877158,0.935247,0.261531,0.829642,0.914235,-0.524681
-0.641103,0.523672,-0.62358,-0.633919,-2.151351,0.039021,-0.012923,-0.646375,-1.688994,0.470983,-0.538393,0.6117,-0.451002,-0.44217,-0.062329
1.551487,1.328837,1.471766,1.524754,0.486752,-0.106715,0.962975,1.075889,-0.542598,-1.259911,0.224594,0.286932,0.024722,0.348571,1.619739
-0.604181,2.08048,-0.626051,-0.604056,-0.853294,-0.755046,-0.605769,-0.760127,-0.717843,-0.249159,-0.77227,0.885666,-0.668321,-0.582541,0.097678
0.114375,-1.235591,0.077889,-0.030401,0.96356,-0.22592,-0.249208,0.4135,-0.59006,-0.22506,-0.357933,-0.899104,-0.357936,-0.322041,-0.302672
-0.428092,-0.497911,-0.467469,-0.460714,-0.749392,-0.948351,-0.742492,-0.67578,-0.04607,-0.643253,-0.851673,-0.996897,-0.866333,-0.594422,-1.051036
-0.212241,2.65992,-0.231861,-0.277838,-0.278277,-0.570079,-0.760948,-0.419904,-1.59407,-0.373909,-0.232332,1.283007,-0.286652,-0.250975,-0.400009
-0.709266,2.327149,-0.704313,-0.681985,-0.198572,-0.352516,-0.215937,-0.741555,-0.04607,-0.161268,-0.330864,2.193808,-0.354471,-0.378585,0.940045
-0.260524,1.387014,-0.324127,-0.332729,-0.601368,-0.990992,-0.766849,-0.7284,-0.70324,-0.986314,-0.710192,0.241574,-0.768317,-0.500695,-0.424344
-0.320167,1.359089,-0.3855,-0.38307,-0.901686,-1.016007,-0.96346,-0.80733,-0.527994,-1.17769,-0.516377,0.027481,-0.598521,-0.421268,-0.329006
-1.241793,2.073499,-1.247611,-1.035222,-1.175673,-1.100721,-0.921401,-0.992788,-0.695938,-0.464635,-0.819551,0.853008,-0.803464,-0.639305,-0.150999
0.838611,1.829157,0.792127,0.785003,0.186433,0.126198,0.149413,0.396991,-0.067976,0.001756,1.890966,-0.117666,1.576643,1.647112,0.566363
3.775318,1.624375,3.910226,5.250529,0.856812,1.790138,3.448859,3.094784,0.910477,-0.931027,7.730307,0.161743,7.813534,11.041842,0.203015
0.077453,1.791923,0.011573,-0.024997,-1.879499,-0.98758,-0.678462,-0.813778,-0.381957,-1.200372,-0.626819,-0.55456,-0.563869,-0.43601,-0.561682
-0.717787,-0.216335,-0.745091,-0.688811,-0.802766,-0.867807,-0.692147,-0.803461,-1.079287,-0.596472,-0.806919,-0.818729,-0.773762,-0.603883,-0.110664
-0.271884,-0.248914,-0.316713,-0.334435,-1.54431,-0.841464,-0.504827,-0.521532,-1.305645,-1.03593,-0.732208,-0.964965,-0.806929,-0.515876,-0.357341
-0.252003,0.195555,-0.21003,-0.318509,-0.962177,0.34035,0.153179,-0.531076,-0.768957,0.215815,-0.448163,-0.731822,0.248971,-0.363624,-0.704022
-0.280405,0.337507,-0.246689,-0.335573,-0.68392,0.0864,0.247342,-0.356451,-0.911343,-0.368238,-0.324728,-0.777362,-0.274276,-0.284638,0.084677
-1.266502,-0.276839,-1.273149,-1.048305,-0.942962,-0.94873,-0.929185,-1.113014,-0.480532,0.187463,-0.229445,0.172629,-0.292592,-0.425889,1.31306
0.986298,0.940217,1.113411,0.926071,-0.246964,1.82046,1.566869,1.322737,-0.422117,1.54411,1.890244,0.450223,1.452886,1.420495,-0.091663
-0.712106,-0.258223,-0.642115,-0.699903,1.504417,0.833088,0.165734,0.173358,0.530779,1.382503,0.017786,0.949168,0.079671,-0.274737,2.516442
-1.266786,-0.186084,-1.255437,-1.040342,-0.491062,-0.791432,-0.744752,-0.871299,1.556694,0.18888,-0.099513,0.241574,-0.147053,-0.387386,0.153347
-0.59282,2.059536,-0.622756,-0.58301,-0.629123,-0.840327,-0.817697,-0.648697,0.154732,-0.824707,0.725191,2.58752,0.610343,0.101712,0.15868
0.22514,-1.014519,0.184572,0.091042,-1.094545,-0.357254,-0.419453,-0.430995,-0.454976,-0.865817,-0.579538,-1.421454,-0.514861,-0.374625,-1.256711
-0.527497,2.485389,-0.599278,-0.538926,-1.378495,-1.333445,-1.114873,-1.26182,-0.403862,-0.453294,0.145552,4.409122,0.008881,-0.114565,0.099344
-0.922277,-0.853952,-0.888021,-0.841823,0.308838,0.048497,-0.472686,-0.856596,0.180289,0.789944,-0.927466,-1.231674,-0.774752,-0.676334,-0.855694
-0.368449,-0.828354,-0.373967,-0.420896,-0.424166,-0.410318,-0.38229,-0.467881,-0.389259,-0.519922,-0.92133,-1.323298,-0.827225,-0.631385,-0.722689
0.02065,0.288638,0.018164,-0.103779,-0.501736,0.122408,-0.479215,-0.47304,-1.115796,-0.383832,-0.207068,-0.360789,-0.057948,-0.205212,-0.978033
-0.064554,-0.621245,-0.123531,-0.157817,-1.998346,-0.969387,-0.83565,-0.916438,0.005043,-1.054359,-0.901119,-1.162366,-0.729704,-0.578801,-1.244377
-0.749028,-1.09364,-0.74056,-0.710995,0.586383,-0.418088,-0.448455,-0.753936,-0.119089,0.417114,-0.728238,-0.092266,-0.643074,-0.57198,-0.694688
0.602879,0.051277,0.734461,0.457647,0.444052,1.610099,1.692419,1.109679,1.239062,0.422785,-0.326533,-0.419392,0.100957,-0.158788,0.718703
-0.558739,-0.293129,-0.563442,-0.567652,-0.390718,-0.491999,-0.74877,-0.867945,-1.269136,0.006009,-0.67049,-0.048721,-0.588126,-0.529737,-0.710022
-0.064554,-0.011554,-0.133416,-0.147862,-1.170692,-0.96806,-0.738851,-0.727884,-0.849277,-0.972138,-0.265537,-0.526982,-0.401004,-0.262416,-1.112371
-0.18668,-1.216974,-0.191495,-0.308839,0.764297,0.21148,-0.388442,0.096492,-0.119089,0.509259,-0.889208,-1.167627,-0.873263,-0.604983,-0.863695
-0.121357,-0.383884,-0.173371,-0.238305,0.223439,-0.469447,-0.543873,-0.44673,-0.290683,-0.271841,-0.584952,-0.491058,-0.644559,-0.433369,-1.265378
0.455192,-1.863899,0.44613,0.262542,0.565034,0.484381,0.380424,0.340245,-0.100834,-0.029431,-0.87405,-1.505458,-0.852967,-0.582321,-0.335673
-0.476375,-0.670114,-0.375615,-0.506788,-0.086842,0.886153,0.823615,-0.011843,0.987147,1.481735,-0.04718,-0.017878,1.058346,-0.223253,0.064343
0.145616,-0.567723,0.092306,0.031601,-0.708116,-0.708046,-0.463019,-0.54191,-1.469938,-1.310945,-0.666881,-0.382561,-0.690597,-0.447891,-1.168707
1.508885,-0.10929,1.488242,1.456496,0.892395,0.766758,1.717529,1.817982,0.041553,-0.233566,0.580101,0.346806,0.378669,0.602911,-0.58435
-0.695066,-0.725963,-0.678775,-0.666627,1.16994,-0.22194,-0.577646,-0.453952,0.151081,0.171869,-0.122251,-0.114038,-0.154479,-0.280898,0.652367
0.727846,0.211845,0.623248,0.576531,-1.522249,-0.629587,-0.656742,-0.666752,0.125524,-1.353473,-0.569793,-1.177425,-0.540108,-0.382545,-1.458052
-0.533178,0.733108,-0.567973,-0.535798,-1.027649,-0.991939,-0.899681,-0.936557,-0.97706,-0.430613,-0.654249,-0.141253,-0.638124,-0.490574,-0.648353
1.057302,-1.410121,0.932174,0.959062,-1.279575,-0.799203,-0.556804,-0.184147,-2.159966,-1.469717,0.282341,-0.309987,0.146995,0.233502,-0.890696
1.102744,0.295619,1.088697,1.00144,0.266139,0.46543,0.354059,0.740309,1.111279,-0.287435,1.261881,0.129084,1.231112,1.086949,0.318687
-0.473535,-1.503204,-0.541199,-0.505082,-1.611206,-1.211208,-1.024816,-0.965447,-0.725145,-0.378161,-0.279974,0.488324,-0.375263,-0.346243,1.116386
-0.274725,0.290965,-0.325775,-0.330454,-1.637537,-0.977725,-0.888883,-0.937847,-0.360051,-0.555362,-0.29405,0.464738,-0.267346,-0.3139,0.253684
0.21094,0.214172,0.170979,0.073978,-0.034891,-0.395915,-0.258122,0.01524,-1.185164,-0.753827,-0.623932,0.760476,-0.628718,-0.406967,-0.542015
-0.419572,-0.26055,-0.382205,-0.481476,0.79988,0.550711,-0.108341,0.046967,-0.622919,0.814044,-0.623571,-1.058948,-0.579215,-0.482653,-0.445678
-0.470694,-0.460677,-0.474471,-0.497118,-0.503871,-0.531418,-0.661764,-0.65076,-1.042777,-0.331381,-0.90942,-0.790788,-0.798514,-0.625444,-1.081703
1.239071,-0.411809,1.208148,1.17493,0.344421,0.518494,0.757073,1.106842,0.074411,0.59148,1.397226,-0.311801,0.982606,1.219619,0.31102
1.835501,0.45386,1.887787,1.891644,0.863928,1.138207,1.632155,1.629686,0.132826,-0.081882,0.668527,-0.001548,0.663312,0.764624,-0.124998
0.259222,-0.59332,0.278486,0.098153,0.175759,0.607566,-0.145504,0.322447,-0.524343,0.835308,-0.119725,-0.679569,-0.278237,-0.120945,-0.972699
-0.087275,1.210157,0.014868,-0.167771,1.411902,1.208328,0.588837,0.481596,1.691779,1.356986,0.252385,0.564527,0.053434,-0.028318,0.879709
-0.450813,-0.691057,-0.441519,-0.507926,1.383436,0.07882,-0.370614,-0.416035,0.479666,0.470983,-0.532258,-0.221084,-0.643569,-0.480673,0.887043
2.545536,0.125743,2.476807,2.921209,-0.209246,0.438898,0.98934,1.325317,-1.119447,-1.128074,3.197139,-0.855742,3.350833,3.077223,-0.429344
-1.380108,-1.493895,-1.255437,-1.155243,4.770911,2.26582,0.106726,0.09288,2.067826,4.567859,0.008763,-0.224713,0.073235,-0.44657,0.914044
-1.26423,-1.431064,-1.147107,-1.087554,2.073741,2.19949,0.376658,0.553561,0.895873,4.671344,-0.471984,0.314147,-0.534167,-0.498714,4.909873
-0.541698,0.174612,-0.514838,-0.573909,0.94221,0.205794,-0.088504,-0.703122,1.140487,0.870748,-0.808723,-0.763754,-0.930835,-0.610703,-0.256337
-0.871154,-0.504892,-0.853421,-0.820208,1.639632,0.052287,-0.604764,-0.160932,0.519826,2.404595,-0.820273,-0.339016,-0.766337,-0.616864,1.859749
0.61708,-0.835335,0.524391,0.469024,-0.148756,-0.705393,-0.421085,-0.08484,-0.367353,-0.882828,-0.716327,-1.35396,-0.851482,-0.432709,0.117678
0.378508,1.084495,0.48732,0.21732,1.56135,1.566511,1.433786,0.935828,-0.016862,1.138675,-0.260123,1.350138,0.035118,-0.171989,0.832374
-0.678025,-1.070369,-0.644999,-0.650984,-1.093833,-0.146514,-0.270425,-0.581116,-1.141353,0.677954,-0.767939,-1.043526,-0.752971,-0.600582,-0.01966
0.193899,-1.068042,0.110841,0.073409,-0.828386,-1.02681,-0.685995,-0.606394,-0.557202,-1.320868,-0.674821,-1.077091,-0.588621,-0.431609,-0.110997
-0.206561,0.286311,-0.137124,-0.27926,1.013376,0.806556,0.69932,0.846065,1.111279,1.481735,-0.052594,-0.519362,0.112343,-0.146687,-0.542348
0.128576,-1.310057,0.095601,0.011123,0.139464,-0.287323,-0.082603,-0.140039,-0.265127,-0.906928,0.040885,-1.076184,-0.151014,-0.071001,-0.696021
0.262062,-0.051114,0.217936,0.133704,-0.299627,-0.348157,-0.175008,-0.14365,-0.914994,-0.517087,-0.069196,-0.034207,-0.116857,-0.040639,-0.696355
-0.79163,-0.158159,-0.791224,-0.749959,0.607733,-0.36673,-0.574758,-0.592724,0.421251,-0.097476,-0.585313,-0.375303,-0.680696,-0.487274,0.512028
1.187949,0.300273,1.187553,1.129424,0.742947,0.387729,0.855002,1.17597,0.176638,-0.480229,0.504307,-0.534058,0.174221,0.59455,-0.288338
1.636691,0.225807,1.587098,1.590169,0.522334,0.505228,0.656634,1.170811,-0.035117,-0.130081,0.370767,-0.622598,0.390055,0.426017,-0.650686
-0.354249,-0.248914,-0.30971,-0.460145,1.810429,1.170425,-0.509095,0.106035,-0.374655,1.379668,0.135085,-0.086823,0.15343,-0.131286,-0.58935
-0.39117,-0.602629,-0.389619,-0.458154,1.14859,0.139464,-0.62774,-0.48929,1.125883,0.486577,-0.07858,-0.388004,-0.183686,-0.257796,0.156013
-1.372439,-1.254207,-1.318458,-1.129362,2.89926,0.34414,-0.696541,-0.637347,1.407006,2.007666,-0.185413,-0.157582,-0.236654,-0.455591,2.806454
2.982918,0.537634,3.028755,3.373421,0.472519,2.013766,1.785325,2.532475,0.654911,0.651019,2.116181,-0.574155,2.071179,2.190554,-0.684021
-0.814352,0.125743,-0.851362,-0.758776,-0.800631,-1.141087,-1.051257,-1.115722,-0.637523,0.089648,-0.977273,-0.242856,-0.933063,-0.682165,-0.947031
-0.118517,-0.141869,-0.133416,-0.238589,0.199243,0.050392,-0.438788,-0.286033,-0.3564,0.79845,-0.310652,0.058325,-0.288137,-0.305539,-0.100664
-1.215664,-0.839989,-1.19324,-1.028681,-0.102498,-0.381891,-0.822342,-0.638637,-1.550259,0.866495,-0.56077,-0.001548,-0.440607,-0.552179,0.563697
-1.578066,-1.440373,-1.542121,-1.233172,0.515218,-0.531039,-0.792838,-0.87233,-0.487834,1.199632,-1.005064,-0.975307,-0.889599,-0.727884,0.285352
-0.18952,-0.12558,-0.186552,-0.295187,0.792763,0.179262,-0.587439,-0.448793,-0.323542,0.05279,-0.741231,-1.106847,-0.704458,-0.533917,-0.876028
-0.507616,-1.633519,-0.536668,-0.53011,-0.450497,-0.782146,-0.743497,-0.579053,-0.447674,-0.66877,-1.041517,-1.30842,-1.03692,-0.690459,-1.120038
-0.053194,-1.424083,-0.068336,-0.172606,2.023925,-0.128699,0.153179,0.444452,0.600147,0.251255,0.508639,2.573006,0.606383,0.096872,0.999714
-0.5843,-1.361252,-0.58239,-0.596377,0.970677,-0.270077,-0.640169,-0.540104,-0.564504,0.465313,-0.555357,-1.293361,-0.570305,-0.479573,0.095344
-0.675185,-0.402501,-0.662299,-0.659801,0.77853,-0.136659,-0.451719,-0.116567,-0.77991,0.563128,0.119927,1.252163,0.140064,-0.212912,-0.151332
-0.697906,0.169958,-0.690308,-0.678856,0.372887,-0.185933,-0.587564,-0.705443,0.172987,0.256925,-0.716327,-0.621147,-0.729209,-0.549978,-0.596684
-0.127037,-0.68873,-0.173371,-0.225791,-0.255504,-0.602486,-0.89491,-0.776893,-0.659428,-0.176862,-0.723546,-1.336724,-0.73911,-0.507955,-1.071036
1.801419,0.321217,1.760097,1.831917,-0.341614,0.510913,0.797249,1.35627,1.293826,-1.220218,1.546286,0.94191,1.139531,1.321487,-0.701021
-0.899556,-0.388538,-0.872369,-0.822768,0.036274,-0.129268,-0.454105,-0.542683,-0.70324,0.181792,-0.918443,0.664316,-0.842076,-0.665487,0.82004
1.82414,0.365431,1.887787,1.857514,0.586383,1.318246,1.502839,2.148145,1.15144,-0.040772,1.059043,-0.411409,0.910827,1.043825,-0.821026
0.040531,0.758706,0.074182,-0.071356,0.529451,0.209585,0.721919,0.321673,0.4176,-0.422107,-0.730764,1.15056,-0.480704,-0.479573,-0.309339
-0.692225,1.198521,-0.642527,-0.706729,1.938527,0.963854,-0.548016,-0.093094,1.166043,1.595143,-0.395108,1.380982,-0.350511,-0.426549,1.946419
-1.817206,1.442863,-1.811917,-1.354046,-1.094545,-1.052963,-1.114873,-1.26182,0.213147,1.425031,-0.099152,0.44478,-0.185171,-0.466372,1.873083
-1.827998,1.431228,-1.797089,-1.377937,-0.688901,0.294866,0.046713,-0.90999,0.822855,2.085634,-0.669769,0.475624,-0.703468,-0.629405,2.809788
-0.734828,-1.128546,-0.713374,-0.716683,0.247636,0.14515,-0.269044,-0.592724,0.023298,0.711976,-0.457547,0.999969,-0.612877,-0.428529,1.703076
0.097334,1.32651,0.15821,0.004297,-0.568632,0.353616,0.151924,-0.258434,0.220449,0.086813,-0.54489,-0.250114,-0.124282,-0.379025,0.032342
0.174018,1.426574,0.112489,0.038995,-0.968582,-0.610256,-0.599491,-0.481036,0.103619,-0.850224,-0.368399,0.305076,-0.341105,-0.284418,-0.755357
-0.260524,2.04092,-0.291999,-0.331307,-0.686767,-0.674123,-0.739856,-0.417067,-0.670381,-0.707046,-0.613826,0.689717,-0.656935,-0.494754,-0.689354
-0.073075,0.328198,-0.090579,-0.199341,-0.041296,-0.048155,-0.651846,-0.65076,-0.699589,0.578721,-0.480646,-0.308173,-0.391104,-0.378805,-0.24767
-0.144078,0.916946,-0.196849,-0.232332,-0.277565,-0.69876,-0.741488,-0.631673,-0.538947,-0.678694,-0.213564,0.216173,-0.396054,-0.200151,-0.391009
-1.081325,-0.684076,-1.098091,-0.938523,-0.143774,-1.030979,-0.987817,-1.120082,0.267911,-0.111652,-0.702973,-0.45332,-0.747526,-0.602123,0.015008
-1.098366,-0.630553,-1.075848,-0.950184,-0.540166,-0.44879,-0.567727,-0.632962,-0.520693,0.615579,-1.049457,-0.351717,-0.92935,-0.7263,1.076384
-1.262242,0.011717,-1.273561,-1.050012,-0.814864,-1.024157,-0.821463,-1.01381,-0.845627,-0.063453,-0.395108,0.26516,-0.401994,-0.486174,0.133012
-0.939318,1.144999,-0.95063,-0.834144,-1.027649,-0.726239,-0.920522,-1.051341,0.600147,0.068384,0.412994,1.272121,0.345502,-0.161428,0.407357
-0.927957,0.509709,-0.966282,-0.837273,-1.569218,-1.176337,-1.114873,-1.26182,-0.5499,-0.470306,-0.320758,0.158114,-0.371797,-0.432709,0.846041
-0.851273,0.733108,-0.843535,-0.786363,-0.049836,-0.424532,-0.509221,-0.679649,0.797298,0.385927,-0.451772,0.453852,-0.431696,-0.494754,-1.182041
-0.38549,2.359728,-0.4374,-0.418052,-0.96787,-1.17501,-0.86415,-0.875168,-0.995315,-0.911181,-0.592892,0.272418,-0.687627,-0.474733,0.598031
-1.361647,0.616755,-1.357589,-1.111729,-0.281835,-0.915186,-0.613176,-0.931141,-0.436721,0.41995,-0.374896,1.201362,-0.368827,-0.494534,1.299726
-0.354249,2.241047,-0.390031,-0.39985,-1.076753,-0.873682,-0.337092,-0.657467,-0.89674,-0.810531,-0.698642,0.259717,-0.675251,-0.517196,0.457026
-1.089845,1.936202,-1.083262,-0.948477,-0.431283,-0.526112,-0.3617,-0.55558,-0.798164,-0.216555,-0.668686,1.854525,-0.707428,-0.56934,1.669741
-1.126767,0.069894,-1.121981,-0.976065,0.280372,-0.555297,-1.051784,-0.973959,-0.075277,0.072637,-0.581343,1.584188,-0.602977,-0.517856,1.95642
-1.336086,1.999032,-1.347292,-1.090967,-1.076753,-1.035338,-1.114873,-1.26182,-0.254174,-0.312952,0.477599,3.102794,0.372234,-0.247015,1.516402
0.131416,0.788958,0.1821,0.006288,-0.827674,0.543131,0.177034,-0.298156,-1.305645,-0.188203,-0.648835,-0.197498,-0.317839,-0.457571,-0.933031
-0.743348,1.079841,-0.718729,-0.714976,-0.26689,-0.04247,0.28124,-0.202977,-1.546608,0.411444,-0.600472,3.061064,-0.460408,-0.514116,0.386356
-0.021952,1.829157,-0.024262,-0.154973,0.208495,0.156521,-0.55467,-0.151647,-1.002617,-0.15418,-0.146794,0.499211,0.010861,-0.230954,0.071677
-0.831392,2.345765,-0.877311,-0.764748,-1.556408,-1.303122,-1.114873,-1.26182,-2.744117,-1.102557,-0.328698,4.860893,-0.40843,-0.385626,0.184348
0.310345,2.636649,0.470844,0.176365,0.600616,1.977758,2.086645,1.170295,1.15509,1.23649,-0.523235,-0.021506,-0.249525,-0.389146,-0.805359
1.929226,1.349781,2.101976,1.968434,0.96356,2.260135,2.870075,2.540213,1.23176,0.849484,2.010431,-0.346274,2.916691,1.726318,-0.214002
2.110995,0.721473,2.060786,2.343856,1.041842,0.21906,1.947285,2.320965,-0.312589,-0.931027,2.78208,0.071025,2.379583,2.604187,1.086384
1.704854,2.085134,1.615931,1.723842,0.102458,-0.017833,0.693043,1.263669,-0.217664,-1.058611,1.300499,2.260938,1.156857,1.291565,-0.42401
0.702284,2.045574,0.672676,0.577953,-0.840484,-0.03868,0.046588,0.105777,-0.809117,-0.895587,0.184892,-0.257371,0.276693,0.180698,-0.379342
1.838341,2.336457,1.982524,1.735218,1.525767,3.272144,3.296944,2.658866,2.137194,1.043695,1.157935,0.686088,1.43853,1.009503,-0.173
-1.808401,1.221792,-1.814389,-1.347789,-3.112085,-1.150752,-1.114873,-1.26182,-0.82007,-0.561032,-0.070279,0.383092,-0.157449,-0.466152,0.049342